boat,boatManufacturer,boatModel,boatLength,motorName,motorHP,motorProp,pdfUrl,localFilePath,status
Sea Vee 320Z,Sea,Vee 320Z,"32' 5""",2 x BF350,350,Solas Lexor Plus 16 X 19 X 3,https://cdn.powerequipment.honda.com/marine/pdf/props/19 Sea Vee 320Z 2BF350A(19LX).pdf,honda_downloads\19_Sea_Vee_320Z_2BF350A19LX.pdf,Downloaded
Sea Vee 320Z,Sea,Vee 320Z,"32' 5""",2 x BF350,350,Solas Lexor Plus 15 5/8 X 23 X 3,https://cdn.powerequipment.honda.com/marine/pdf/props/19 Sea Vee 320Z 2BF350A(23L+).pdf,honda_downloads\19_Sea_Vee_320Z_2BF350A23L.pdf,Downloaded
Avalon Catalina Platinum,Avalon,Catalina Platinum,25',2 x BF250D,250,Solas Lexor 15 ⅜ x 18 x 3,https://cdn.powerequipment.honda.com/marine/pdf/props/2022 Avalon 25 Catalina 2BF250D 18LX 2.pdf,honda_downloads\2022_Avalon_25_Catalina_2BF250D_18LX_2.pdf,Downloaded
Hewescraft 240 Ocean Pro ET HT,Hewescraft,240 Ocean Pro ET HT,"26' 8""",BF350,350,Honda Lexor Plus 16 X 18 X 3,https://cdn.powerequipment.honda.com/marine/pdf/props/2023 Hewescraft 240 Ocean Pro ET HT BF350 18P.pdf,honda_downloads\2023_Hewescraft_240_Ocean_Pro_ET_HT_BF350_18P.pdf,Downloaded
North River SeaHawk 23 RTF,North,River SeaHawk 23 RTF,"25'2""",BF350,350,Honda Lexor Plus 16 X 19 X 3,https://cdn.powerequipment.honda.com/marine/pdf/props/2023 North River SeaHawk 23 RTF BF350 19P.pdf,honda_downloads\2023_North_River_SeaHawk_23_RTF_BF350_19P.pdf,Downloaded
Stabicraft 2500 Ultra Cab XL,Stabicraft,2500 Ultra Cab XL,25',BF350,350,Honda Lexor Plus 16 X 18 X 3,https://cdn.powerequipment.honda.com/marine/pdf/props/2023 Stabicraft 2500 Ultra Cab XL BF350 18P.pdf,honda_downloads\2023_Stabicraft_2500_Ultra_Cab_XL_BF350_18P.pdf,Downloaded
Starcraft Patriot 16 SC,Starcraft,Patriot 16 SC,"16' 4""",BF40,40,Solas Honda 11 ⅜ x 12 x 3,https://cdn.powerequipment.honda.com/marine/pdf/props/2023 Starcraft Patriot 16SC BF40 AL 3blade 12P.pdf,honda_downloads\2023_Starcraft_Patriot_16SC_BF40_AL_3blade_12P.pdf,Downloaded
Starcraft Patriot 16 SC,Starcraft,Patriot 16 SC,"16' 4""",BF40,40,Solas Honda 11 ⅜ x 10 x 4,https://cdn.powerequipment.honda.com/marine/pdf/props/2023 Starcraft Patriot 16SC BF40 AL 4blade 10P.pdf,honda_downloads\2023_Starcraft_Patriot_16SC_BF40_AL_4blade_10P.pdf,Downloaded
Bennington 24 LX ESP,Bennington,24 LX ESP,23',BF350,350,Honda Lexor HP3 16 X 17 X 3,https://cdn.powerequipment.honda.com/marine/pdf/props/2024 Bennington 24 LX ESP BF350 17P 1st hole.pdf,honda_downloads\2024_Bennington_24_LX_ESP_BF350_17P_1st_hole.pdf,Downloaded
HewesCraft 290 Adventure,HewesCraft,290 Adventure,29',2 x BF350,350,Honda Lexor Plus 16 X 18 X 3,https://cdn.powerequipment.honda.com/marine/pdf/props/2024 HewesCraft 290 Adventure twin BF350 16X18P.pdf,honda_downloads\2024_HewesCraft_290_Adventure_twin_BF350_16X18P.pdf,Downloaded
Hewescraft 270 Pacific Explorer,Hewescraft,270 Pacific Explorer,"27' 11""",2 x BF250DK1,250,Solas Lexor 15 ⅜ x 18 x 3,https://cdn.powerequipment.honda.com/marine/pdf/props/2024 Hewescraft 270 Pacific Explorer twin BF250DK1 Lexor 18 9-9-2024.pdf,honda_downloads\2024_Hewescraft_270_Pacific_Explorer_twin_BF250DK1_Lexor_18_9-9-2024.pdf,Downloaded
Tahoe Cascade 2585EL,Tahoe,Cascade 2585EL,25',2 x BF350,350,Honda Lexor HP3 16 X 20 X 3,https://cdn.powerequipment.honda.com/marine/pdf/props/2024 Tahoe Cascade 2585EL 2X BF350 Lexor HP 20P Test 5-22-24.pdf,honda_downloads\2024_Tahoe_Cascade_2585EL_2X_BF350_Lexor_HP_20P_Test_5-22-24.pdf,Downloaded
Tahoe Cascade 2585QL,Tahoe,Cascade 2585QL,25',BF350,350,Honda Lexor Plus 16 X 17 X 3,https://cdn.powerequipment.honda.com/marine/pdf/props/2024 Tahoe Cascade 2585QL BF350 17P.pdf,honda_downloads\2024_Tahoe_Cascade_2585QL_BF350_17P.pdf,Downloaded
Viaggio 26 Diamante UWA,Viaggio,26 Diamante UWA,"28' 4""",BF350,350,Honda Lexor HP3 16 X 17 X 3,https://cdn.powerequipment.honda.com/marine/pdf/props/2024 Viaggio 26 Diamante UWA BF350 Lexor HP 17P 6-13-2024 2nd hole.pdf,honda_downloads\2024_Viaggio_26_Diamante_UWA_BF350_Lexor_HP_17P_6-13-2024_2nd_hole.pdf,Downloaded
ALUMACraft Competitor 175X FSX,ALUMACraft,Competitor 175X FSX,"19' 2""",BF150D,150,Solas Lexor 15 ½ x 17 x 3,https://cdn.powerequipment.honda.com/marine/pdf/props/2025 ALUMACraft Competitor 175X Sport FSX BF150D Lexor 17 8-5-2025.pdf,honda_downloads\2025_ALUMACraft_Competitor_175X_Sport_FSX_BF150D_Lexor_17_8-5-2025.pdf,Downloaded
ALUMACraft Competitor 175X FSX,ALUMACraft,Competitor 175X FSX,"19' 2""",BF150D,150,Solas Titan HR 14 ¾ x 17 x 3,https://cdn.powerequipment.honda.com/marine/pdf/props/2025 ALUMACraft Competitor 175X Sport FSX BF150D Titan HR 17 8-5-2025.pdf,honda_downloads\2025_ALUMACraft_Competitor_175X_Sport_FSX_BF150D_Titan_HR_17_8-5-2025.pdf,Downloaded
Aura 2385QL,Aura,2385QL,23',BF140,140,Solas Titan HR 14 3/4 x 16 x 3,https://cdn.powerequipment.honda.com/marine/pdf/props/2025 Aura 2385QL BF140 Titan 16P Test 7-16-24.pdf,honda_downloads\2025_Aura_2385QL_BF140_Titan_16P_Test_7-16-24.pdf,Downloaded
Avalon Catalina 2585 CRB,Avalon,Catalina 2585 CRB,25',2 x BF350,350,Honda Lexor HP3 16 X 21 X 3,https://cdn.powerequipment.honda.com/marine/pdf/props/2025 Avalon Catalina  2585CRB  2X BF350 Lexor HP 21P Test 7-16-24.pdf,honda_downloads\2025_Avalon_Catalina__2585CRB__2X_BF350_Lexor_HP_21P_Test_7-16-24.pdf,Downloaded
Brig Eagle 8,Brig,Eagle 8,"26' 3""",BF350,350,Lexor HP3 16 x 19 x 3,https://cdn.powerequipment.honda.com/marine/pdf/props/2025 Brig Eagle 8 BF350 Lexor 16X19 4-10-25.pdf,honda_downloads\2025_Brig_Eagle_8_BF350_Lexor_16X19_4-10-25.pdf,Downloaded
Godfrey AquaPatio AP255 ULC,Godfrey,AquaPatio AP255 ULC,25',BF350,350,Honda Lexor HP3 16 X 17 X 3,https://cdn.powerequipment.honda.com/marine/pdf/props/2025 Godfrey AquaPatio AP255ULC BF350 Lexor HP 17P 8-8-2024.pdf,honda_downloads\2025_Godfrey_AquaPatio_AP255ULC_BF350_Lexor_HP_17P_8-8-2024.pdf,Downloaded
Qwest 8522L RLS,Qwest,8522L RLS,22',BF200D,200,Solas Lexor 15 3/4 x 15 x 3,https://cdn.powerequipment.honda.com/marine/pdf/props/2025 Qwest 8522L RLS BF200 Lexor 15P 8-6-2024.pdf,honda_downloads\2025_Qwest_8522L_RLS_BF200_Lexor_15P_8-6-2024.pdf,Downloaded
Tahoe GEOfish 2385,Tahoe,GEOfish 2385,23',BF150D,150,Solas Titan HR 14 3/4 x 17 x 3,https://cdn.powerequipment.honda.com/marine/pdf/props/2025 Tahoe GEOfish 2385 BF150 Titan 17P Test 7-16-2024.pdf,honda_downloads\2025_Tahoe_GEOfish_2385_BF150_Titan_17P_Test_7-16-2024.pdf,Downloaded
Tahoe LTZ 2385 ENT Platinum Edition,Tahoe,LTZ 2385 ENT Platinum Edition,23',BF250D,250,Solas Lexor 15 5/8  X 16 X 3,https://cdn.powerequipment.honda.com/marine/pdf/props/2025 Tahoe LTZ 2385 ENT Platinum Edition BF250 Lexor 16P Test 8-7-24.pdf,honda_downloads\2025_Tahoe_LTZ_2385_ENT_Platinum_Edition_BF250_Lexor_16P_Test_8-7-24.pdf,Downloaded
Viaggio Lago 24 S-A,Viaggio,Lago 24 S-A,24',BF350,350,Honda Lexor HP3 16 X 17 X 3,https://cdn.powerequipment.honda.com/marine/pdf/props/2025 Viaggio Lago Z24SA BF350 Lexor HP 17P 7-26-2024 4th hole.pdf,honda_downloads\2025_Viaggio_Lago_Z24SA_BF350_Lexor_HP_17P_7-26-2024_4th_hole.pdf,Downloaded
Avalon Venture 1980 CRU,Avalon,Venture 1980 CRU,19',BFP60A,60,Solas Honda 13 ⅘ x 9 x 3,https://cdn.powerequipment.honda.com/marine/pdf/props/2026 Avalon Venture 1980 CR BFP60 13.8X9 AL.pdf,honda_downloads\2026_Avalon_Venture_1980_CR_BFP60_13.8X9_AL.pdf,Downloaded
Avalon Venture 2385 QL,Avalon,Venture 2385 QL,23',BF200D,200,Solas Lexor 15 ¾ x 15 x 3,https://cdn.powerequipment.honda.com/marine/pdf/props/2026 Avalon Venture 2385 QL BF200D 15P Lexor.pdf,honda_downloads\2026_Avalon_Venture_2385_QL_BF200D_15P_Lexor.pdf,Downloaded
Brig Navigator 24,Brig,Navigator 24,24',BF225D,225,Solas Lexor 15 ¼ x 19 x 3,https://cdn.powerequipment.honda.com/marine/pdf/props/2026 Brig Navigator 24 BF225 Lexor 15.25 X 19 6-3-25.pdf,honda_downloads\2026_Brig_Navigator_24_BF225_Lexor_15.25_X_19_6-3-25.pdf,Downloaded
Brig Navigator 24,Brig,Navigator 24,24',BF225D,225,Solas Pro 15 ¼ x 19 x 3,https://cdn.powerequipment.honda.com/marine/pdf/props/2026 Brig Navigator 24 BF225 PRO L3 15.25 X 19 6-3-25.pdf,honda_downloads\2026_Brig_Navigator_24_BF225_PRO_L3_15.25_X_19_6-3-25.pdf,Downloaded
Godfrey AquaPatio AP255SFL,Godfrey,AquaPatio AP255SFL,"28' 1""",BF350,350,Lexor HP3 16 x 17 x 3,https://cdn.powerequipment.honda.com/marine/pdf/props/2026 Godfrey AP 255 SFL BF350 Lexor 17 8-12-2025.pdf,honda_downloads\2026_Godfrey_AP_255_SFL_BF350_Lexor_17_8-12-2025.pdf,Downloaded
Hurricane 24CC,Hurricane,24CC,"24' 6""",BF350,350,Lexor HP3 16 x 18 x 3,https://cdn.powerequipment.honda.com/marine/pdf/props/2026 Hurricane 240CC BF350 18Lexor HP 8-25-25.pdf,honda_downloads\2026_Hurricane_240CC_BF350_18Lexor_HP_8-25-25.pdf,Downloaded
Qwest E-Class 22 Q3V,Qwest,E-Class 22 Q3V,"22""",BF200DK1,200,Solas Lexor 15 ⅝ x 16 x 3,https://cdn.powerequipment.honda.com/marine/pdf/props/2026 Qwest E-Class 22 BF200DK1 16Lexor 8-17-25.pdf,honda_downloads\2026_Qwest_E-Class_22_BF200DK1_16Lexor_8-17-25.pdf,Downloaded
Qwest L-Class 22 Q3X,Qwest,L-Class 22 Q3X,"22""",BF250DK1,250,Solas Lexor 15 ⅝ x 18 x 3,https://cdn.powerequipment.honda.com/marine/pdf/props/2026 Qwest L-Class 22 BF250DK1 18Lexor 8-19-25.pdf,honda_downloads\2026_Qwest_L-Class_22_BF250DK1_18Lexor_8-19-25.pdf,Downloaded
C Hawk 26,C,Hawk 26,"25' 9""",BF350,350,Solas Lexor Plus 16 X 17 X 3,https://cdn.powerequipment.honda.com/marine/pdf/props/24 C Hawk 26 BF350A(17L+).pdf,honda_downloads\24_C_Hawk_26_BF350A17L.pdf,Downloaded
Sea Born FX25,Sea,Born FX25,"24' 11""",BF350,350,Honda Lexor Plus 16 X 19 X 3,https://cdn.powerequipment.honda.com/marine/pdf/props/24 SeaBorn FX25 BF350A(J19LP).pdf,honda_downloads\24_SeaBorn_FX25_BF350AJ19LP.pdf,Downloaded
Hewes Craft 260 Pacific Cruiser,Hewes,Craft 260 Pacific Cruiser,28',BF250A - Non-Current,250,Power Tech 15 1/4 x 16 x 4,https://cdn.powerequipment.honda.com/marine/pdf/props/260 Pacific Cruiser - Honda 250.pdf,honda_downloads\260_Pacific_Cruiser_-_Honda_250.pdf,Downloaded
ACTION CRAFT 1720 CC,ACTION,CRAFT 1720 CC,"17' - 2""""",BF90D,90,Powertech 13 1/4 x 19 x 3,https://cdn.powerequipment.honda.com/marine/pdf/props/Action Craft 1720 CC - BF90.pdf,honda_downloads\Action_Craft_1720_CC_-_BF90.pdf,Downloaded
ACTION CRAFT - COASTLNE 2002,ACTION CRAFT,COASTLNE 2002,"22' - 0""",BF200A  - Non-Current,200,SOLAS           14 1/2 X 23 X 3,https://cdn.powerequipment.honda.com/marine/pdf/props/Action Craft Coast Line 2002 TE - BF200.pdf,honda_downloads\Action_Craft_Coast_Line_2002_TE_-_BF200.pdf,Downloaded
ACTION CRAFT - COASTLNE 2002,ACTION CRAFT,COASTLNE 2002,"22' - 0""",BF200A  - Non-Current,200,PRECISION    14 3/4 X 23 X 3,https://cdn.powerequipment.honda.com/marine/pdf/props/Action Craft Coast Line 2002 TE Precision 1 - BF200.pdf,honda_downloads\Action_Craft_Coast_Line_2002_TE_Precision_1_-_BF200.pdf,Downloaded
ACTION CRAFT - COASTLNE 2002,ACTION CRAFT,COASTLNE 2002,"22' - 0""",BF200A  - Non-Current,200,PRECISION     14 1/4 X 22 X 3,https://cdn.powerequipment.honda.com/marine/pdf/props/Action Craft Coast Line 2002 TE Precision 2 - BF200.pdf,honda_downloads\Action_Craft_Coast_Line_2002_TE_Precision_2_-_BF200.pdf,Downloaded
AKSANO F16,AKSANO,F16,"16' - 0""",BF90D,90,Solas 13 x 19 x 3,https://cdn.powerequipment.honda.com/marine/pdf/props/Aksano F16 with Aluminum - BF90.pdf,honda_downloads\Aksano_F16_with_Aluminum_-_BF90.pdf,Downloaded
AKSANO F16,AKSANO,F16,"16' - 0""",BF90D,90,Quicksilver 13 3/4 x 20 x 3,https://cdn.powerequipment.honda.com/marine/pdf/props/Aksano F16 with Stainless - BF90.pdf,honda_downloads\Aksano_F16_with_Stainless_-_BF90.pdf,Downloaded
ALUMACRAFT 16 MV TEX SPECIAL,ALUMACRAFT,16 MV TEX SPECIAL,"16' - 0""",BF50D,50,Solas 11.4 x 12 x 3,https://cdn.powerequipment.honda.com/marine/pdf/props/Alumacraft 16 MV Tex Special - BF50 EFI.pdf,honda_downloads\Alumacraft_16_MV_Tex_Special_-_BF50_EFI.pdf,Downloaded
ALUMACRAFT CLASSIC 165 TILLER,ALUMACRAFT,CLASSIC 165 TILLER,"16' - 5""""",BF40D TILLER,40,Solas 11.1 x 13 x 3,https://cdn.powerequipment.honda.com/marine/pdf/props/Alumacraft Classic 165 Tiller - BF40 EFI.pdf,honda_downloads\Alumacraft_Classic_165_Tiller_-_BF40_EFI.pdf,Downloaded
ALUMACRAFT PRO 175,ALUMACRAFT,PRO 175,"17' - 11""""",BF75D,75,Solas 13 7/8 x 18 x 3,https://cdn.powerequipment.honda.com/marine/pdf/props/Alumacraft Pro 175 - BF75.pdf,honda_downloads\Alumacraft_Pro_175_-_BF75.pdf,Downloaded
ALUMACRAFT - 175 TOURNAMENT SPT,ALUMACRAFT,175 TOURNAMENT SPT,"17' - 11""",BF150A  - Non-Current,150,PWRTECH OFS 15 1/4 X 18 X 3,https://cdn.powerequipment.honda.com/marine/pdf/props/Alumacraft Tournament Sport 175 1 - BF150.pdf,honda_downloads\Alumacraft_Tournament_Sport_175_1_-_BF150.pdf,Downloaded
ALUMACRAFT - 175 TOURNAMENT SPT,ALUMACRAFT,175 TOURNAMENT SPT,"17' - 11""",BF150A  - Non-Current,150,PWRTECH OFX 15 1/4 X 17 X 4,https://cdn.powerequipment.honda.com/marine/pdf/props/Alumacraft Tournament Sport 175 2 - BF150.pdf,honda_downloads\Alumacraft_Tournament_Sport_175_2_-_BF150.pdf,Downloaded
ALUMAWELD 17 STRYKER,ALUMAWELD,17 STRYKER,"17' - 0""""",BF75D,75,Solas 13 1/4 x 17 x 3,https://cdn.powerequipment.honda.com/marine/pdf/props/Alumaweld 17 Stryker - BF75.pdf,honda_downloads\Alumaweld_17_Stryker_-_BF75.pdf,Downloaded
ALUMAWELD 19 FREE DRIFTER JET,ALUMAWELD,19 FREE DRIFTER JET,"19' - 0""""",65 JET (BF90D jet version),65,Aluminum Impeller,https://cdn.powerequipment.honda.com/marine/pdf/props/Alumaweld 19 Free Drifter Jet - BF90 Jet Tiller.pdf,honda_downloads\Alumaweld_19_Free_Drifter_Jet_-_BF90_Jet_Tiller.pdf,Downloaded
ALUMAWELD 22 INTRUDER,ALUMAWELD,22 INTRUDER,"22' - 1""""",BF225A - Non-Current,225,Powertech 15 1/4 x 19 x 3,https://cdn.powerequipment.honda.com/marine/pdf/props/Alumaweld 22 Intruder - BF225.pdf,honda_downloads\Alumaweld_22_Intruder_-_BF225.pdf,Downloaded
AQUASPORT 225 EXPLORER,AQUASPORT,225 EXPLORER,"24' - 10""",BF225A - Non-Current,225,Turbo 14 1/4 x 19 x 3,https://cdn.powerequipment.honda.com/marine/pdf/props/Aquasport 225 Explorer - BF225.pdf,honda_downloads\Aquasport_225_Explorer_-_BF225.pdf,Downloaded
AQUASPORT 275 EXPLORER,AQUASPORT,275 EXPLORER,"26' - 6""",BF225A - Non-Current,225,Solas 15 1/4 x 17 x 3,https://cdn.powerequipment.honda.com/marine/pdf/props/Aquasport 275 Explorer - BF225.pdf,honda_downloads\Aquasport_275_Explorer_-_BF225.pdf,Downloaded
ARIMA SEA CHASER 19,ARIMA,SEA CHASER 19,"18' - 11""""",BF90D,90,Solas 12 3/4 x 17 x 4,https://cdn.powerequipment.honda.com/marine/pdf/props/Arima Sea Chaser 19 Aluminum Prop - BF90.pdf,honda_downloads\Arima_Sea_Chaser_19_Aluminum_Prop_-_BF90.pdf,Downloaded
ARIMA SEA CHASER 19,ARIMA,SEA CHASER 19,"18' - 11""""",BF90D,90,Solas 13 1/4 x 17 x 3,https://cdn.powerequipment.honda.com/marine/pdf/props/Arima Sea Chaser 19 Aluminum Prop 3 Blade - BF90.pdf,honda_downloads\Arima_Sea_Chaser_19_Aluminum_Prop_3_Blade_-_BF90.pdf,Downloaded
ARIMA SEA RANGER 19,ARIMA,SEA RANGER 19,"18' - 11""""",BF135A - Non-Current,135,Solas 14 1/2 x 17 x 4,https://cdn.powerequipment.honda.com/marine/pdf/props/Arima Sea Ranger 19 Aluminum - BF135.pdf,honda_downloads\Arima_Sea_Ranger_19_Aluminum_-_BF135.pdf,Downloaded
ARIMA SEA RANGER 19,ARIMA,SEA RANGER 19,"18' - 11""""",BF135A - Non-Current,135,Powertech 15 1/4 x 17 x 3,https://cdn.powerequipment.honda.com/marine/pdf/props/Arima Sea Ranger 19 Stainless - BF135.pdf,honda_downloads\Arima_Sea_Ranger_19_Stainless_-_BF135.pdf,Downloaded
Alumacraft Voyageur 175,Alumacraft,Voyageur 175,"17' 10""",BF100,100,Stainless Steel 13.25 X 17 X 3,https://cdn.powerequipment.honda.com/marine/pdf/props/BF100 Alumacraft Voyageur 175.pdf,honda_downloads\BF100_Alumacraft_Voyageur_175.pdf,Downloaded
Apex - Quest 818,Apex,Quest 818,18.4',BF100,100,Stainless Steel 13.5 X 15 X 3,https://cdn.powerequipment.honda.com/marine/pdf/props/BF100 Apex - Quest 818.pdf,honda_downloads\BF100_Apex_-_Quest_818.pdf,Downloaded
Highfield DX 540,Highfield,DX 540,"17' 8""",BF100,100,Stainless Steel 13.75 X 15 X 3,https://cdn.powerequipment.honda.com/marine/pdf/props/BF100 Highfield DX 540-1.pdf,honda_downloads\BF100_Highfield_DX_540-1.pdf,Downloaded
Highfield DX 540,Highfield,DX 540,"17' 8""",BF100,100,Stainless Steel 13.25 X 15 X 4,https://cdn.powerequipment.honda.com/marine/pdf/props/BF100 Highfield DX 540-3.pdf,honda_downloads\BF100_Highfield_DX_540-3.pdf,Downloaded
Inventech 18,Inventech,18,18',BF100,100,Stainless Steel 13.25 X 17 X 3,https://cdn.powerequipment.honda.com/marine/pdf/props/BF100 Inventech 18.pdf,honda_downloads\BF100_Inventech_18.pdf,Downloaded
Key West 1720 Sportsman,Key,West 1720 Sportsman,"17' 2""",BF100,100,Stainless Steel 13.5 X 17 X 3,https://cdn.powerequipment.honda.com/marine/pdf/props/BF100 Key West 1720 Sportsman.pdf,honda_downloads\BF100_Key_West_1720_Sportsman.pdf,Downloaded
Alumacraft Trophy 175,Alumacraft,Trophy 175,"17' 8""",BF115A - Non-Current,115,Stainless Steel 14.75 X 16 X 3,https://cdn.powerequipment.honda.com/marine/pdf/props/BF115 Alumacraft Trophy 175.pdf,honda_downloads\BF115_Alumacraft_Trophy_175.pdf,Downloaded
Avalon 23 VRB,Avalon,23 VRB,23',BF115A - Non-Current,115,Aluminum 15 X 15 X 3,https://cdn.powerequipment.honda.com/marine/pdf/props/BF115 Avalon 23 VRB.pdf,honda_downloads\BF115_Avalon_23_VRB.pdf,Downloaded
Avalon Catalina 2185 QL,Avalon,Catalina 2185 QL,21',BF115A - Non-Current,115,Stainless Steel 15.625 X 13 X 3,https://cdn.powerequipment.honda.com/marine/pdf/props/BF115 Avalon Catalina 2185 QL.pdf,honda_downloads\BF115_Avalon_Catalina_2185_QL.pdf,Downloaded
Lund 1775 Impact XS,Lund,1775 Impact XS,"17' 11""",BF115A - Non-Current,115,Stainless Steel 14.75 X 17 X 3,https://cdn.powerequipment.honda.com/marine/pdf/props/BF115 Lund 1775 Impact XS.pdf,honda_downloads\BF115_Lund_1775_Impact_XS.pdf,Downloaded
Avalon Catalina 2585,Avalon,Catalina 2585,25.5',BF115A - Non-Current,115,Stainless Steel 15.5 X 11 X 3,https://cdn.powerequipment.honda.com/marine/pdf/props/BF115-Avalon-Catalina-2585.pdf,honda_downloads\BF115-Avalon-Catalina-2585.pdf,Downloaded
Smoker Craft 20 Phantom,Smoker,Craft 20 Phantom,"20' 1""",BF115A - Non-Current,115,Solas 14 ¾  X 17”,https://cdn.powerequipment.honda.com/marine/pdf/props/BF115-Smoker_20_Phantom,honda_downloads\BF115-Smoker_20_Phantom.pdf,Failed
Lund 1999 Tournament Pro SE,Lund,1999 Tournament Pro SE,17.6',BF115A - Non-Current,115,Honda 14 1/4 x 17 x 3,https://cdn.powerequipment.honda.com/marine/pdf/props/BF115_Lund_Tournament_Pro_SE.pdf,honda_downloads\BF115_Lund_Tournament_Pro_SE.pdf,Downloaded
Manitou Oasis Angler 20VP,Manitou,Oasis Angler 20VP,"20' 10""",BF115A - Non-Current,115,Solas 14 3/4 x 17 x 3,https://cdn.powerequipment.honda.com/marine/pdf/props/BF115_Manitou_Oasis_ Angler_ 20VP.pdf,honda_downloads\BF115_Manitou_Oasis__Angler__20VP.pdf,Downloaded
Clearwater 2300,Clearwater,2300,23',BF135A - Non-Current,135,Stainless Steel 15.375 X 18 X 3,https://cdn.powerequipment.honda.com/marine/pdf/props/BF135 2300 Clearwater twins.pdf,honda_downloads\BF135_2300_Clearwater_twins.pdf,Downloaded
Alumacraft Competitor 175 Sport,Alumacraft,Competitor 175 Sport,"17' 8""",BF135A - Non-Current,135,Stainless Steel 14.25 X 17 X 3,https://cdn.powerequipment.honda.com/marine/pdf/props/BF135 Alumacraft Competitor 175 Sport.pdf,honda_downloads\BF135_Alumacraft_Competitor_175_Sport.pdf,Downloaded
Alumacraft MV2072 Bay,Alumacraft,MV2072 Bay,20',BF135A - Non-Current,135,Stainless Steel 14.75 X 17 X 3,https://cdn.powerequipment.honda.com/marine/pdf/props/BF135 Alumacraft MV2072 Bay.pdf,honda_downloads\BF135_Alumacraft_MV2072_Bay.pdf,Downloaded
Coach 230 RF,Coach,230 RF,23',BF135A - Non-Current,135,Stainless Steel 14.5 X 15 X 3,https://cdn.powerequipment.honda.com/marine/pdf/props/BF135 Coach 230 RF new.pdf,honda_downloads\BF135_Coach_230_RF_new.pdf,Downloaded
Hewes Craft 20 Sea Runner HT,Hewes,Craft 20 Sea Runner HT,22’ 2”,BF150A  - Non-Current,150,Solas 15 1/4 x 15 x 3,https://cdn.powerequipment.honda.com/marine/pdf/props/BF150 20 Hewes Craft Sea Runner HT.pdf,honda_downloads\BF150_20_Hewes_Craft_Sea_Runner_HT.pdf,Downloaded
Hewes Craft 26’ Sea Pacific Cruiser,Hewes,Craft 26’ Sea Pacific Cruiser,25’ 7”,2 x BF150A - Non-Current,150,Solas 14 1/4 X 15 x 3,https://cdn.powerequipment.honda.com/marine/pdf/props/BF150 26 Hewes Sea Pacific Cruiser.pdf,honda_downloads\BF150_26_Hewes_Sea_Pacific_Cruiser.pdf,Downloaded
Brig 762 Patrol Boat,Brig,762 Patrol Boat,25',BF150A  - Non-Current,150,Stainless Steel 15.375 X 18 X 3,https://cdn.powerequipment.honda.com/marine/pdf/props/BF150 762 Brig Patrol Boat twins.pdf,honda_downloads\BF150_762_Brig_Patrol_Boat_twins.pdf,Downloaded
Alumacraft  Tournament Pro 185,Alumacraft,Tournament Pro 185,"18' 3""",BF150A  - Non-Current,150,Stainless Steel 14.75 X 17 X 3,https://cdn.powerequipment.honda.com/marine/pdf/props/BF150 Alumacraft  Tournament Pro 185.pdf,honda_downloads\BF150_Alumacraft__Tournament_Pro_185.pdf,Downloaded
Coach 210RF,Coach,210RF,21',BF150A  - Non-Current,150,Stainless Steel 14.75 X 16 X 3,https://cdn.powerequipment.honda.com/marine/pdf/props/BF150 Coach 210RF.pdf,honda_downloads\BF150_Coach_210RF.pdf,Downloaded
Coach 230RFC,Coach,230RFC,21',BF150A  - Non-Current,150,Stainless Steel 14.75 X 16 X 3,https://cdn.powerequipment.honda.com/marine/pdf/props/BF150 Coach 230RFC.pdf,honda_downloads\BF150_Coach_230RFC.pdf,Downloaded
Custom Weld 21 Offshore  XXX,Custom,Weld 21 Offshore  XXX,"21' 4""",BF150A  - Non-Current,150,Stainless Steel 14.75 X 17 X 3,https://cdn.powerequipment.honda.com/marine/pdf/props/BF150 Custom Weld 21 Offshore  XXX.pdf,honda_downloads\BF150_Custom_Weld_21_Offshore__XXX.pdf,Downloaded
Highfield DL640,Highfield,DL640,"21' 1""",BF150A  - Non-Current,150,Stainless Steel 14.75 X 16 X 3,https://cdn.powerequipment.honda.com/marine/pdf/props/BF150 Highfield DL640.pdf,honda_downloads\BF150_Highfield_DL640.pdf,Downloaded
RiverRaider 20 Jet,RiverRaider,20 Jet,"20' 2""",105hp Jet (BF150 Jet version),105,Jet,https://cdn.powerequipment.honda.com/marine/pdf/props/BF150 Jet RiverRaider 20.pdf,honda_downloads\BF150_Jet_RiverRaider_20.pdf,Downloaded
Lund 1875 Crossover XS,Lund,1875 Crossover XS,"18' 10""",BF150A  - Non-Current,150,Stainless Steel 14.75 X 19 X 3,https://cdn.powerequipment.honda.com/marine/pdf/props/BF150 Lund 1875 Crossover XS.pdf,honda_downloads\BF150_Lund_1875_Crossover_XS.pdf,Downloaded
Tidewater 2110 Bay Max,Tidewater,2110 Bay Max,"21' 6""",BF150A  - Non-Current,150,Stainless Steel 14.25 X 17 X 3,https://cdn.powerequipment.honda.com/marine/pdf/props/BF150 Tidewater 2110 Bay Max.pdf,honda_downloads\BF150_Tidewater_2110_Bay_Max.pdf,Downloaded
Apex Quest Angler,Apex,Quest Angler,20.8',BF150A  - Non-Current,150,Solas Titan HR 14 3/4 x 16 x 3,https://cdn.powerequipment.honda.com/marine/pdf/props/BF150-Apex-Quest-Angler.pdf,honda_downloads\BF150-Apex-Quest-Angler.pdf,Downloaded
JC Pontoon 266 TriToon Classic,JC,Pontoon 266 TriToon Classic,26.7',BF150A  - Non-Current,150,Solas 15 x 14 x 3,https://cdn.powerequipment.honda.com/marine/pdf/props/BF150-JC_266_TriToon_Classic.pdf,honda_downloads\BF150-JC_266_TriToon_Classic.pdf,Downloaded
Grand G340,Grand,G340,"10' 10""",BF20,20,Aluminum 9.25 X 9 X 4,https://cdn.powerequipment.honda.com/marine/pdf/props/BF20 Grand G340.pdf,honda_downloads\BF20_Grand_G340.pdf,Downloaded
Coach 230 RL,Coach,230 RL,23',BF225A - Non-Current,225,Stainless Steel 15.75 X 15 X 3,https://cdn.powerequipment.honda.com/marine/pdf/props/BF225 Coach 230 RL.pdf,honda_downloads\BF225_Coach_230_RL.pdf,Downloaded
JC Manufacturing Sun Lounger 25,JC,Manufacturing Sun Lounger 25,25',BF225A - Non-Current,225,Quicksilver 15” X 16”,https://cdn.powerequipment.honda.com/marine/pdf/props/BF225- J_ 25_Sun_Lounger,honda_downloads\BF225-_J__25_Sun_Lounger.pdf,Failed
Alumacraft Trophy 205,Alumacraft,Trophy 205,"20' 8""",BF250A - Non-Current,250,Stainless Steel 15.25 X 19 X 3,https://cdn.powerequipment.honda.com/marine/pdf/props/BF250 Alumacraft Trophy 205.pdf,honda_downloads\BF250_Alumacraft_Trophy_205.pdf,Downloaded
Avalon Catalina Platinum 2585 QL,Avalon,Catalina Platinum 2585 QL,"25' 5""",BF250A - Non-Current,250,Stainless Steel 15.5 X 17 X 3,https://cdn.powerequipment.honda.com/marine/pdf/props/BF250 Avalon Catalina Platinum 2585 QL.pdf,honda_downloads\BF250_Avalon_Catalina_Platinum_2585_QL.pdf,Downloaded
Baytoon 23,Baytoon,23,23',BF250A - Non-Current,250,Stainless Steel 15.5 X 18 X 3,https://cdn.powerequipment.honda.com/marine/pdf/props/BF250 Baytoon 23.pdf,honda_downloads\BF250_Baytoon_23.pdf,Downloaded
Berkshire 233RFX-STS,Berkshire,233RFX-STS,23.7',BF250A - Non-Current,250,Stainless Steel 15.75 X 15 X 3,https://cdn.powerequipment.honda.com/marine/pdf/props/BF250 Berkshire 233RFX-STS.pdf,honda_downloads\BF250_Berkshire_233RFX-STS.pdf,Downloaded
Coach 2585 D.C. Arch,Coach,2585 D.C. Arch,"26' 10""",BF250A - Non-Current,250,Stainless Steel 15.75 X 15 X 3,https://cdn.powerequipment.honda.com/marine/pdf/props/BF250 Coach 2585 D.C. Arch.pdf,honda_downloads\BF250_Coach_2585_D.C._Arch.pdf,Downloaded
Everglades 295,Everglades,295,"26' 7""",BF250A - Non-Current,250,Stainless Steel 15.25 X 20 X 3,https://cdn.powerequipment.honda.com/marine/pdf/props/BF250 Everglades 295 Solas Lexor 3 Blade.pdf,honda_downloads\BF250_Everglades_295_Solas_Lexor_3_Blade.pdf,Downloaded
Hewes Craft 2200 Ocean Pro,Hewes,Craft 2200 Ocean Pro,"24' 8""",BF250A - Non-Current,250,Stainless Steel 15.5 X 16 X 3,https://cdn.powerequipment.honda.com/marine/pdf/props/BF250 Hewes Craft 2200 Ocean Pro.pdf,honda_downloads\BF250_Hewes_Craft_2200_Ocean_Pro.pdf,Downloaded
Hurricane Sundeck Sport 231,Hurricane,Sundeck Sport 231,"23' 2""",BF250A - Non-Current,250,Solas Lexor 15 3/8 x 18 x 3,https://cdn.powerequipment.honda.com/marine/pdf/props/BF250 Hurricane 231 Solas 3 Blade.pdf,honda_downloads\BF250_Hurricane_231_Solas_3_Blade.pdf,Downloaded
JC Sport Toon 23TT,JC,Sport Toon 23TT,23',BF250A - Non-Current,250,Solas Lexor 15 1/4 x 19 x 3,https://cdn.powerequipment.honda.com/marine/pdf/props/BF250 JC 23TT Solas Lexor 3 Blade.pdf,honda_downloads\BF250_JC_23TT_Solas_Lexor_3_Blade.pdf,Downloaded
JC Sport Toon 23TT,JC,Sport Toon 23TT,23',BF250A - Non-Current,250,Solas Lexor 15 1/4 x 18 x 4,https://cdn.powerequipment.honda.com/marine/pdf/props/BF250 JC 23TT Solas Lexor 4 Blade.pdf,honda_downloads\BF250_JC_23TT_Solas_Lexor_4_Blade.pdf,Downloaded
Bay Runner 250LX,Bay,Runner 250LX,"24' 6""",BF250A - Non-Current,250,Solas  15 3/8 x 15 x 3,https://cdn.powerequipment.honda.com/marine/pdf/props/BF250 Sea Chaser 250 LX Solas 3 Blade.pdf,honda_downloads\BF250_Sea_Chaser_250_LX_Solas_3_Blade.pdf,Downloaded
Carolina Skiff 240 Ultra Elite,Carolina,Skiff 240 Ultra Elite,"23' 9""",BF250A - Non-Current,250,Stainless Steel 15.5 X 17 X 3,https://cdn.powerequipment.honda.com/marine/pdf/props/BF250-Carolina Skiff 240 Ultra Elite.pdf,honda_downloads\BF250-Carolina_Skiff_240_Ultra_Elite.pdf,Downloaded
Coach 25 RF Tritoon,Coach,25 RF Tritoon,27',BF250A - Non-Current,250,Solas Lexor 15 1/2 x 17 x 3,https://cdn.powerequipment.honda.com/marine/pdf/props/BF250-Coach-Tritoon.pdf,honda_downloads\BF250-Coach-Tritoon.pdf,Downloaded
Eastern Islander,Eastern,Islander,"27' 5""",BF250A - Non-Current,250,Stainless Steel 15.5 X 13 X 3,https://cdn.powerequipment.honda.com/marine/pdf/props/BF250-Eastern-Islander.pdf,honda_downloads\BF250-Eastern-Islander.pdf,Downloaded
Hurricane Sundeck Sport 231,Hurricane,Sundeck Sport 231,"23' 2""",BF250A - Non-Current,250,Solas Lexor 15 3/8 x 18 x 3,https://cdn.powerequipment.honda.com/marine/pdf/props/BF250-Hurricane-SunDeck.pdf,honda_downloads\BF250-Hurricane-SunDeck.pdf,Downloaded
Tidewater Boats 232,Tidewater,Boats 232,23',BF250A - Non-Current,250,Solas Lexor 15 X 17”,https://cdn.powerequipment.honda.com/marine/pdf/props/BF250-Tidewater.pdf,honda_downloads\BF250-Tidewater.pdf,Downloaded
JC Pontoon 26 SportToon,JC,Pontoon 26 SportToon,26.7',BF250A - Non-Current,250,Solas 15 1/2 x 17 x 3,https://cdn.powerequipment.honda.com/marine/pdf/props/BF250_JC_26_SportToon.pdf,honda_downloads\BF250_JC_26_SportToon.pdf,Downloaded
Grand 340 Gold Line,Grand,340 Gold Line,"11' 10""",BF40D,40,Stainless Steel 11 X 15 X 3,https://cdn.powerequipment.honda.com/marine/pdf/props/BF40 Grand 380 Gold Line.pdf,honda_downloads\BF40_Grand_380_Gold_Line.pdf,Downloaded
Walker Bay 340,Walker,Bay 340,"11' 2""",BF40D,40,Aluminum 10 X 13 X 4,https://cdn.powerequipment.honda.com/marine/pdf/props/BF40 Walker Bay 340-Alum-2.pdf,honda_downloads\BF40_Walker_Bay_340-Alum-2.pdf,Downloaded
Walker Bay 340,Walker,Bay 340,"11' 2""",BF40D,40,Aluminum 10.875 X 12 X 4,https://cdn.powerequipment.honda.com/marine/pdf/props/BF40 Walker Bay 340-Alum.pdf,honda_downloads\BF40_Walker_Bay_340-Alum.pdf,Downloaded
Walker Bay 340,Walker,Bay 340,"11' 2""",BF40D,40,Stainless Steel 11.125 X 13 X 3,https://cdn.powerequipment.honda.com/marine/pdf/props/BF40 Walker Bay 340-SS.pdf,honda_downloads\BF40_Walker_Bay_340-SS.pdf,Downloaded
Walker Bay Generation 400,Walker,Bay Generation 400,13’ 1”,BF50D,50,Solas 11 ¼ X 13”,https://cdn.powerequipment.honda.com/marine/pdf/props/BF50-Walker_Bay.pdf,honda_downloads\BF50-Walker_Bay.pdf,Downloaded
Avalon VEN 1875 CR,Avalon,VEN 1875 CR,18',BF60,60,Aluminum 11.625 X 11 X 3,https://cdn.powerequipment.honda.com/marine/pdf/props/BF60 Avalon 1875 CR VEN.pdf,honda_downloads\BF60_Avalon_1875_CR_VEN.pdf,Downloaded
Grand 480,Grand,480,"14' 11""",BF60,60,Stainless Steel 11 X 17 X 3,https://cdn.powerequipment.honda.com/marine/pdf/props/BF60 Grand 480.pdf,honda_downloads\BF60_Grand_480.pdf,Downloaded
Walker Bay Generation 450,Walker,Bay Generation 450,"14' 9""",BF60,60,Aluminum 11 X 15 X 3,https://cdn.powerequipment.honda.com/marine/pdf/props/BF60 Walker Bay 450.pdf,honda_downloads\BF60_Walker_Bay_450.pdf,Downloaded
War Eagle 761 Blackhawk,War,Eagle 761 Blackhawk,17’ 5”,BF60,60,Solas 11” X 15”,https://cdn.powerequipment.honda.com/marine/pdf/props/BF60-War_Eagle.pdf,honda_downloads\BF60-War_Eagle.pdf,Downloaded
Alumacraft 165 Competitor,Alumacraft,165 Competitor,"16' 7""",BF75D,75,Stainless Steel 13.875 X 15 X 3,https://cdn.powerequipment.honda.com/marine/pdf/props/BF75 Alumacraft 165 Competitor.pdf,honda_downloads\BF75_Alumacraft_165_Competitor.pdf,Downloaded
Alumacraft Competitor 175 Tiller,Alumacraft,Competitor 175 Tiller,17.8',BF75D,75,Solas 13 3/4 x 13 x 3,https://cdn.powerequipment.honda.com/marine/pdf/props/BF75_Tiller_Alumacraft_Competitor_175_3_blade.pdf,honda_downloads\BF75_Tiller_Alumacraft_Competitor_175_3_blade.pdf,Downloaded
Alumacraft Competitor 175 Tiller,Alumacraft,Competitor 175 Tiller,17.8',BF75D,75,Solas 13 1/2 x 13 x 4,https://cdn.powerequipment.honda.com/marine/pdf/props/BF75_Tiller_Alumacraft_Competitor_175_4_blade.pdf,honda_downloads\BF75_Tiller_Alumacraft_Competitor_175_4_blade.pdf,Downloaded
Alumacraft Voyageur 175,Alumacraft,Voyageur 175,"17' 10""",BF90D,90,Stainless Steel 13.75 X 15 X 3,https://cdn.powerequipment.honda.com/marine/pdf/props/BF90 Alumacraft Voyageur 175.pdf,honda_downloads\BF90_Alumacraft_Voyageur_175.pdf,Downloaded
Avalon GS QL,Avalon,GS QL,23',BF90D,90,Stainless Steel 13.75 X 13 X 3,https://cdn.powerequipment.honda.com/marine/pdf/props/BF90 Avalon GS QL.pdf,honda_downloads\BF90_Avalon_GS_QL.pdf,Downloaded
Coach 23RF,Coach,23RF,24',BF90D,90,Stainless Steel 14 X 11 X 3,https://cdn.powerequipment.honda.com/marine/pdf/props/BF90 Coach 23RF.pdf,honda_downloads\BF90_Coach_23RF.pdf,Downloaded
Renegade 20 Skate,Renegade,20 Skate,20',BF90D,90,"Solas 13' x 17""",https://cdn.powerequipment.honda.com/marine/pdf/props/BF90-Renegade.pdf,honda_downloads\BF90-Renegade.pdf,Downloaded
Ugly Boats Panga,Ugly,Boats Panga,22',BF90D,90,Solas 13 1/4 x 19 x 3,https://cdn.powerequipment.honda.com/marine/pdf/props/BF90-Ugly-Boats-Panga.pdf,honda_downloads\BF90-Ugly-Boats-Panga.pdf,Downloaded
Baytoon 2300,Baytoon,2300,23',BF250A - Non-Current,250,Stainless Steel 15.5 X 18 X 3,https://cdn.powerequipment.honda.com/marine/pdf/props/Baytoon 23 - BF250.pdf,honda_downloads\Baytoon_23_-_BF250.pdf,Downloaded
BENNINGTON - 225 RFS,BENNINGTON,225 RFS,"22' - 0""",BF150A  - Non-Current,150,Powertech OFS 15 1/4 x 17 x 3,https://cdn.powerequipment.honda.com/marine/pdf/props/Bennington 2250 RFS with Powertech - BF150.pdf,honda_downloads\Bennington_2250_RFS_with_Powertech_-_BF150.pdf,Downloaded
BENNINGTON - 2250 RFS,BENNINGTON,2250 RFS,"22' - 0""",BF150A  - Non-Current,150,Solas 15 1/2 x 15 x 3,https://cdn.powerequipment.honda.com/marine/pdf/props/Bennington 2250 RFS with Solas - BF150.pdf,honda_downloads\Bennington_2250_RFS_with_Solas_-_BF150.pdf,Downloaded
Blackshear 200,Blackshear,200,20',BF150A  - Non-Current,150,Stainless Steel 14.75 X 17 X 3,https://cdn.powerequipment.honda.com/marine/pdf/props/Blackshear 200 - BF150.pdf,honda_downloads\Blackshear_200_-_BF150.pdf,Downloaded
Blackshear 200,Blackshear,200,20',BF135A - Non-Current,135,Stainless Steel 14.75 X 17 X 3,https://cdn.powerequipment.honda.com/marine/pdf/props/Blackshear 200- BF135.pdf,honda_downloads\Blackshear_200-_BF135.pdf,Downloaded
Blackshear 220,Blackshear,220,22',BF225A - Non-Current,225,Stainless Steel 14.75 X 19 X 3,https://cdn.powerequipment.honda.com/marine/pdf/props/Blackshear 220 - BF225.pdf,honda_downloads\Blackshear_220_-_BF225.pdf,Downloaded
Blackshear 220,Blackshear,220,22',BF150A  - Non-Current,150,Stainless Steel 14.75 X 17 X 3,https://cdn.powerequipment.honda.com/marine/pdf/props/Blackshear 220- BF150.pdf,honda_downloads\Blackshear_220-_BF150.pdf,Downloaded
BOULTON SEA SKIFF 20,BOULTON,SEA SKIFF 20,"20' - 0""""",105hp Jet (BF150 Jet version),105,Stainless Impeller,https://cdn.powerequipment.honda.com/marine/pdf/props/Boulton Sea Skiff 20 - BF150 Jet.pdf,honda_downloads\Boulton_Sea_Skiff_20_-_BF150_Jet.pdf,Downloaded
BUMBLE BEE - 200 PRO SPORT,BUMBLE BEE,200 PRO SPORT,"20' - 4""",BF225A  - Non-Current,225,Tempest Plus 14 5/8 x 25 x 3,https://cdn.powerequipment.honda.com/marine/pdf/props/Bumble Bee 200 Pro Sport with Tempest - BF225.pdf,honda_downloads\Bumble_Bee_200_Pro_Sport_with_Tempest_-_BF225.pdf,Downloaded
BUMBLE BEE - 200 PRO SPORT,BUMBLE BEE,200 PRO SPORT,"20' - 4""",BF225A  - Non-Current,225,Trophy Plus 13 3/4 x 26 x 3,https://cdn.powerequipment.honda.com/marine/pdf/props/Bumble Bee 200 Pro Sport with Trophy - BF225.pdf,honda_downloads\Bumble_Bee_200_Pro_Sport_with_Trophy_-_BF225.pdf,Downloaded
C-DORY 19 ANGLER,C-DORY,19 ANGLER,"19' - 0""""",BF90D,90,Solas 13 1/4 x 17 x 3,https://cdn.powerequipment.honda.com/marine/pdf/props/C-Dory 19 - BF90.pdf,honda_downloads\C-Dory_19_-_BF90.pdf,Downloaded
C-DORY 22CC,C-DORY,22CC,"22' - 0""""",BF90D,90,Solas 13 1/4 x 17 x 3,https://cdn.powerequipment.honda.com/marine/pdf/props/C-Dory 22CC - BF90.pdf,honda_downloads\C-Dory_22CC_-_BF90.pdf,Downloaded
C-DORY 25 CRUISER,C-DORY,25 CRUISER,"25' - 5""",BF150A  - Non-Current,150,Solas Saturn 14 1/2 x 15 x 3,https://cdn.powerequipment.honda.com/marine/pdf/props/C-Dory 25 Cruiser - BF150.pdf,honda_downloads\C-Dory_25_Cruiser_-_BF150.pdf,Downloaded
Capecraft 190 Bay,Capecraft,190 Bay,19',BF115A - Non-Current,115,Stainless Steel 14 X 17 X 3,https://cdn.powerequipment.honda.com/marine/pdf/props/Capecraft 190 Bay - BF115.pdf,honda_downloads\Capecraft_190_Bay_-_BF115.pdf,Downloaded
CARIBE 16 SR500,CARIBE,16 SR500,"16' - 5""""",BF90D,90,Solas 13 1/4 x 17 x 3,https://cdn.powerequipment.honda.com/marine/pdf/props/Caribe 16 SR500 - BF90.pdf,honda_downloads\Caribe_16_SR500_-_BF90.pdf,Downloaded
CARIBE INFLATABLES CL14,CARIBE,INFLATABLES CL14,"11' - 4""""",BF50D,50,Solas 11 x 14 x 3,https://cdn.powerequipment.honda.com/marine/pdf/props/Caribe CL14 - BF50 EFI.pdf,honda_downloads\Caribe_CL14_-_BF50_EFI.pdf,Downloaded
CARIBIANA 34 PREMIER,CARIBIANA,34 PREMIER,"34' - 0""""",2 x BF150A - Non-Current,150,Powertech 14 3/4 x 16 x 3,https://cdn.powerequipment.honda.com/marine/pdf/props/Caribiana 34 Premiere - BF150.pdf,honda_downloads\Caribiana_34_Premiere_-_BF150.pdf,Downloaded
CAROLINA SKIFF - 220 BAYRUNNER TE,CAROLINA SKIFF,220 BAYRUNNER TE,"21' - 7""",BF150A  - Non-Current,150,PWRTECH OFS 15 1/4 X 17 X 3,https://cdn.powerequipment.honda.com/marine/pdf/props/Carolina Skiff 220 Bayrunner TE - BF150.pdf,honda_downloads\Carolina_Skiff_220_Bayrunner_TE_-_BF150.pdf,Downloaded
CAROLINA SKIFF - 2400 CC,CAROLINA SKIFF,2400 CC,"24' - 0""",2 x BF150A - Non-Current,150,MIRAGE PLUS    15 1/4 X 19 X 3,https://cdn.powerequipment.honda.com/marine/pdf/props/Carolina Skiff 2400 CC - BF150.pdf,honda_downloads\Carolina_Skiff_2400_CC_-_BF150.pdf,Downloaded
CAROLINA SKIFF SEA CHASER 245 BAYRUNNER LX,CAROLINA,SKIFF SEA CHASER 245 BAYRUNNER LX,"24' - 0""""",BF200A  - Non-Current,200,Solas Titan 15 x 19 x 3,https://cdn.powerequipment.honda.com/marine/pdf/props/Carolina Skiff Sea Chaser 245 Bayrunner LX - BF200.pdf,honda_downloads\Carolina_Skiff_Sea_Chaser_245_Bayrunner_LX_-_BF200.pdf,Downloaded
CEASAR P850,CEASAR,P850,"27' - 0""""",2 X BF90D,90,Precision 13 1/4 x 16 x 3,https://cdn.powerequipment.honda.com/marine/pdf/props/Ceasar P850 - BF90.pdf,honda_downloads\Ceasar_P850_-_BF90.pdf,Downloaded
CHARGER - 496TF FOXFIRE,CHARGER,496TF FOXFIRE,"20' - 6""",BF225A  - Non-Current,225,TEMPEST +     14 5/8 X 23 X 3,https://cdn.powerequipment.honda.com/marine/pdf/props/Charger 496 TF Foxfire - BF225.pdf,honda_downloads\Charger_496_TF_Foxfire_-_BF225.pdf,Downloaded
CHECKMATE - PULSARE 2100,CHECKMATE,PULSARE 2100,"21' - 0""",BF225A  - Non-Current,225,PRECISION     14 1/4 X 23 X 3,https://cdn.powerequipment.honda.com/marine/pdf/props/Checkmate Pulsare 2100 - BF225.pdf,honda_downloads\Checkmate_Pulsare_2100_-_BF225.pdf,Downloaded
Clearwater 2000,Clearwater,2000,19.8',BF115A - Non-Current,115,Stainless Steel 14.75 X 18 X 3,https://cdn.powerequipment.honda.com/marine/pdf/props/Clearwater 2000 - BF115.pdf,honda_downloads\Clearwater_2000_-_BF115.pdf,Downloaded
Clearwater 2508,Clearwater,2508,25',BF150A  - Non-Current,150,Stainless Steel 15.5 X 17 X 3,https://cdn.powerequipment.honda.com/marine/pdf/props/Clearwater 2508 - Twin BF150.pdf,honda_downloads\Clearwater_2508_-_Twin_BF150.pdf,Downloaded
COLUMBIA 1814 FISHERMAN,COLUMBIA,1814 FISHERMAN,"18' - 0""",BF90D,90,Solas 13 3/8 x 17 x 3,https://cdn.powerequipment.honda.com/marine/pdf/props/Columbia 1814 Fisherman with Aluminum - BF90.pdf,honda_downloads\Columbia_1814_Fisherman_with_Aluminum_-_BF90.pdf,Downloaded
COLUMBIA 1814 FISHERMAN,COLUMBIA,1814 FISHERMAN,"18' - 0""",BF90D,90,Powertech 13 3/8 x 19 x 3,https://cdn.powerequipment.honda.com/marine/pdf/props/Columbia 1814 Fisherman with Stainless - BF90.pdf,honda_downloads\Columbia_1814_Fisherman_with_Stainless_-_BF90.pdf,Downloaded
CREST - 27 ULTRA,CREST,27 ULTRA,"27' - 0""",BF150A  - Non-Current,150,SOLAS            15 1/2 X 13 X 3,https://cdn.powerequipment.honda.com/marine/pdf/props/Crest 27 Ultra - BF150.pdf,honda_downloads\Crest_27_Ultra_-_BF150.pdf,Downloaded
CRESTLINER 1700 MIRAGE,CRESTLINER,1700 MIRAGE,"17' - 1""""",BF90D,90,Solas 13 1/2 x 15 x 3,https://cdn.powerequipment.honda.com/marine/pdf/props/Crestliner 1700 Mirage - BF90.pdf,honda_downloads\Crestliner_1700_Mirage_-_BF90.pdf,Downloaded
CRESTLINER - 1850 SF,CRESTLINER,1850 SF,"18' - 2""",BF150A  - Non-Current,150,Power Tech OFS 15 1/4 x 18 x 3,https://cdn.powerequipment.honda.com/marine/pdf/props/Crestliner 1850 Sportfish - BF150.pdf,honda_downloads\Crestliner_1850_Sportfish_-_BF150.pdf,Downloaded
Crevalle 24 Bay,Crevalle,24 Bay,23.6',BF250A - Non-Current,250,Stainless Steel 15.25 X 19 X 3,https://cdn.powerequipment.honda.com/marine/pdf/props/Crevalle 24 Bay - BF250.pdf,honda_downloads\Crevalle_24_Bay_-_BF250.pdf,Downloaded
Crevalle 24 Bay,Crevalle,24 Bay,23.6',BF250A - Non-Current,250,Stainless Steel 14.75 X 18 X 3,https://cdn.powerequipment.honda.com/marine/pdf/props/Crevalle 24 bay 190131.pdf,honda_downloads\Crevalle_24_bay_190131.pdf,Downloaded
CUSTOM WELD VIPER (WIDE BODY),CUSTOM,WELD VIPER (WIDE BODY),"19' - 0""""",BF150A  - Non-Current,150,Solas 14 3/4 x 18 x 3,https://cdn.powerequipment.honda.com/marine/pdf/props/Custom Weld Viper 19 Wide Body - BF150.pdf,honda_downloads\Custom_Weld_Viper_19_Wide_Body_-_BF150.pdf,Downloaded
DARGEL BOAT WORKS SKOOTER 136 SPORT,DARGEL,BOAT WORKS SKOOTER 136 SPORT,"13' - 6""""",BF50D,50,Powertech YS50SWC4RH,https://cdn.powerequipment.honda.com/marine/pdf/props/Dargel Skooter 136 Sport - BF50 EFI.pdf,honda_downloads\Dargel_Skooter_136_Sport_-_BF50_EFI.pdf,Downloaded
DUCKWORTH 175 NAVIGATOR SPORT,DUCKWORTH,175 NAVIGATOR SPORT,"17' - 6""",BF90D,90,Solas 13 3/8 x 17 x 3,https://cdn.powerequipment.honda.com/marine/pdf/props/Duckworth 175 Navigator Sport with Aluminum - BF90.pdf,honda_downloads\Duckworth_175_Navigator_Sport_with_Aluminum_-_BF90.pdf,Downloaded
DUCKWORTH 175 NAVIGATOR SPORT,DUCKWORTH,175 NAVIGATOR SPORT,"17' - 6""",BF90D,90,Powertech 13 3/8 x 17 x 3,https://cdn.powerequipment.honda.com/marine/pdf/props/Duckworth 175 Navigator Sport with Stainless - BF90.pdf,honda_downloads\Duckworth_175_Navigator_Sport_with_Stainless_-_BF90.pdf,Downloaded
DUCKWORTH 200 PACIFIC NAVIGATOR,DUCKWORTH,200 PACIFIC NAVIGATOR,"20' - 0""",BF200A  - Non-Current,200,Powertech 15 1/4 x 17 x 3,https://cdn.powerequipment.honda.com/marine/pdf/props/Duckworth Pacific Navigator 200 - BF200.pdf,honda_downloads\Duckworth_Pacific_Navigator_200_-_BF200.pdf,Downloaded
EASTCAPE CANOES CAIMEN 17 SC,EASTCAPE,CANOES CAIMEN 17 SC,"17' - 10""""",BF50D,50,Powertech 14p Custom,https://cdn.powerequipment.honda.com/marine/pdf/props/East Cape Canoe Caimen 17 SC - BF50 EFI.pdf,honda_downloads\East_Cape_Canoe_Caimen_17_SC_-_BF50_EFI.pdf,Downloaded
Eastern 21 Pilot,Eastern,21 Pilot,21',BF150A  - Non-Current,150,Stainless Steel 14.25 X 16 X 3,https://cdn.powerequipment.honda.com/marine/pdf/props/Eastern 21 Pilot 190205.pdf,honda_downloads\Eastern_21_Pilot_190205.pdf,Downloaded
EVERGLADES 243 CC,EVERGLADES,243 CC,"24' - 3""""",BF225A - Non-Current,225,Solas Lexor 15 1/4 x 17 x 3,https://cdn.powerequipment.honda.com/marine/pdf/props/Everglades 243 CC - BF225.pdf,honda_downloads\Everglades_243_CC_-_BF225.pdf,Downloaded
EVERGLADES 290 PILOT,EVERGLADES,290 PILOT,"28' - 7""""",2 X BF225A  - Non-Current,225,Power Tech OFS 15 1/4 x 19 x 3,https://cdn.powerequipment.honda.com/marine/pdf/props/Everglades 290 Pilot with Power Tech - BF225.pdf,honda_downloads\Everglades_290_Pilot_with_Power_Tech_-_BF225.pdf,Downloaded
EVERGLADES 290 PILOT,EVERGLADES,290 PILOT,"28' - 7""""",2 X BF225A  - Non-Current,225,Solas Lexor 15 1/2 x 17 x 3,https://cdn.powerequipment.honda.com/marine/pdf/props/Everglades 290 Pilot with Solas 1 - BF225.pdf,honda_downloads\Everglades_290_Pilot_with_Solas_1_-_BF225.pdf,Downloaded
EVERGLADES 290 PILOT,EVERGLADES,290 PILOT,"28' - 7""""",2 X BF225A  - Non-Current,225,Solas Lexor 15 1/4 x 19 x 3,https://cdn.powerequipment.honda.com/marine/pdf/props/Everglades 290 Pilot with Solas 2 - BF225.pdf,honda_downloads\Everglades_290_Pilot_with_Solas_2_-_BF225.pdf,Downloaded
Fluid 880,Fluid,880,"28' 9""",BF225A - Non-Current,225,Stainless Steel 15.5 X 17 X 3,https://cdn.powerequipment.honda.com/marine/pdf/props/Fluid 880 BF225 Twin.pdf,honda_downloads\Fluid_880_BF225_Twin.pdf,Downloaded
SOUTHBAY 922CR,SOUTHBAY,922CR,"21' - 4""""",BF90D,90,Solas 14 x 11 x 3,https://cdn.powerequipment.honda.com/marine/pdf/props/Forest River Odyssey Southbay 922 CR - BF90 EFI.pdf,honda_downloads\Forest_River_Odyssey_Southbay_922_CR_-_BF90_EFI.pdf,Downloaded
GLACIER BAY 2240 SX RENEGADE,GLACIER,BAY 2240 SX RENEGADE,"22' - 0""""",2 X BF90D,90,Solas 13 1/4 x 15 x 3,https://cdn.powerequipment.honda.com/marine/pdf/props/Glacier Bay 2240 SX Renegade - BF90.pdf,honda_downloads\Glacier_Bay_2240_SX_Renegade_-_BF90.pdf,Downloaded
GLACIER BAY 2640,GLACIER,BAY 2640,"26' - 0""",2 x BF150A - Non-Current,150,Honda 14 1/4 x 17 x 3,https://cdn.powerequipment.honda.com/marine/pdf/props/Glacier Bay 2640 - BF150.pdf,honda_downloads\Glacier_Bay_2640_-_BF150.pdf,Downloaded
HURRICANE - 202 FUN DECK GS,HURRICANE,202 FUN DECK GS,"20' - 2""",BF150A  - Non-Current,150,Power Tech OFS 15 1/4 x 17 x 3,https://cdn.powerequipment.honda.com/marine/pdf/props/Godfrey Hurricane 202 Fun Deck GS - BF150.pdf,honda_downloads\Godfrey_Hurricane_202_Fun_Deck_GS_-_BF150.pdf,Downloaded
HURRICANE - 202 FUN DECK GS,HURRICANE,202 FUN DECK GS,"20' - 2""",BF150A  - Non-Current,150,Power Tech OFS 15 1/4 x 16 x 4,https://cdn.powerequipment.honda.com/marine/pdf/props/Godfrey Hurricane 202 Fun Deck GS 2 - BF150.pdf,honda_downloads\Godfrey_Hurricane_202_Fun_Deck_GS_2_-_BF150.pdf,Downloaded
GODFREY HURRICANE FUNDECK GS200,GODFREY,HURRICANE FUNDECK GS200,"20' - 1""",BF150A  - Non-Current,150,Solas 14 1/4 x 17 x 3,https://cdn.powerequipment.honda.com/marine/pdf/props/Godfrey Hurricane FunDeck GS200 - BF150.pdf,honda_downloads\Godfrey_Hurricane_FunDeck_GS200_-_BF150.pdf,Downloaded
GRADY WHITE - 265 EXPRESS,GRADY WHITE,265 EXPRESS,"26' - 9""",2 X BF225A  - Non-Current,225,PRECISION     14 1/4 X 19 X 3,https://cdn.powerequipment.honda.com/marine/pdf/props/Grady White 265 Express - BF225.pdf,honda_downloads\Grady_White_265_Express_-_BF225.pdf,Downloaded
HEWES CRAFT 220 OCEAN PRO HARD TOP,HEWES,CRAFT 220 OCEAN PRO HARD TOP,"24' - 3""",BF225A - Non-Current,225,Apollo 16.625 x 16 x 4,https://cdn.powerequipment.honda.com/marine/pdf/props/Hewes Craft 220 Ocean Pro Hard Top - BF225.pdf,honda_downloads\Hewes_Craft_220_Ocean_Pro_Hard_Top_-_BF225.pdf,Downloaded
HEWES CRAFT PRO VEE ET 20,HEWES,CRAFT PRO VEE ET 20,"22' - 0""""",BF150A  - Non-Current,150,Solas 14 3/4 x 17 x 3,https://cdn.powerequipment.honda.com/marine/pdf/props/Hewes Craft Pro Vee ET 20 - BF150.pdf,honda_downloads\Hewes_Craft_Pro_Vee_ET_20_-_BF150.pdf,Downloaded
HEWES CRAFT SPORTSMAN 18,HEWES,CRAFT SPORTSMAN 18,"18' - 0""""",BF90D,90,Solas 13 1/4 x 17 x 3,https://cdn.powerequipment.honda.com/marine/pdf/props/Hewes Craft Sportsman 18 - BF90.pdf,honda_downloads\Hewes_Craft_Sportsman_18_-_BF90.pdf,Downloaded
HEWESCRAFT 160 SPORTSMAN,HEWESCRAFT,160 SPORTSMAN,"16' - 5""",BF75D,75,Solas 13 3/4 x 17 x 3,https://cdn.powerequipment.honda.com/marine/pdf/props/Hewescraft 160 Sportsman - BF75.pdf,honda_downloads\Hewescraft_160_Sportsman_-_BF75.pdf,Downloaded
HEWESCRAFT 160 SPORTSMAN (2),HEWESCRAFT,160 SPORTSMAN (2),"16' - 5""",BF50D,50,Solas 11 3/8 x 12 x 3,https://cdn.powerequipment.honda.com/marine/pdf/props/Hewescraft 160 Sportsman with Solas 1 - BF50 EFI.pdf,honda_downloads\Hewescraft_160_Sportsman_with_Solas_1_-_BF50_EFI.pdf,Downloaded
HEWESCRAFT 160 SPORTSMAN (2),HEWESCRAFT,160 SPORTSMAN (2),"16' - 5""",BF50D,50,Solas 11 1/8 x 13 x 3,https://cdn.powerequipment.honda.com/marine/pdf/props/Hewescraft 160 Sportsman with Solas 2 - BF50 EFI.pdf,honda_downloads\Hewescraft_160_Sportsman_with_Solas_2_-_BF50_EFI.pdf,Downloaded
HEWESCRAFT 180 SEA RUNNER,HEWESCRAFT,180 SEA RUNNER,"18' - 0""",BF90D,90,Powertech 13 7/8 x 17 x 3,https://cdn.powerequipment.honda.com/marine/pdf/props/Hewescraft 180 Sea Runner with Power Tech - BF90.pdf,honda_downloads\Hewescraft_180_Sea_Runner_with_Power_Tech_-_BF90.pdf,Downloaded
HEWESCRAFT 180 SEA RUNNER,HEWESCRAFT,180 SEA RUNNER,"18' - 0""",BF90D,90,Solas 14 3/4 x 15 x 3,https://cdn.powerequipment.honda.com/marine/pdf/props/Hewescraft 180 Sea Runner with Solas - BF90.pdf,honda_downloads\Hewescraft_180_Sea_Runner_with_Solas_-_BF90.pdf,Downloaded
HEWESCRAFT 180 SPORTSMAN (2),HEWESCRAFT,180 SPORTSMAN (2),"18' - 5""",BF90D,90,Solas 13 1/4 x 17 x 3,https://cdn.powerequipment.honda.com/marine/pdf/props/Hewescraft 180 Sportsman - BF90.pdf,honda_downloads\Hewescraft_180_Sportsman_-_BF90.pdf,Downloaded
HEWESCRAFT 200 PRO V,HEWESCRAFT,200 PRO V,"20' - 3""",BF150A  - Non-Current,150,Powertech 14 1/4 x 19 x 3,https://cdn.powerequipment.honda.com/marine/pdf/props/Hewescraft 200 Pro V with Power Tech - BF150.pdf,honda_downloads\Hewescraft_200_Pro_V_with_Power_Tech_-_BF150.pdf,Downloaded
HEWESCRAFT 220 OCEAN PRO ET HT,HEWESCRAFT,220 OCEAN PRO ET HT,"24' - 3""",BF200A  - Non-Current,200,Solas 15 1/4 x 15 x 3,https://cdn.powerequipment.honda.com/marine/pdf/props/Hewescraft 220 Ocean Pro ET HT - BF200.pdf,honda_downloads\Hewescraft_220_Ocean_Pro_ET_HT_-_BF200.pdf,Downloaded
HEWES CRAFT - 220 SEARUNNER,HEWES CRAFT,220 SEARUNNER,"21' - 10""",BF200A  - Non-Current,225,SOLAS                15  X 19 X 3,https://cdn.powerequipment.honda.com/marine/pdf/props/Hewescraft 220 Sea Runner - BF225.pdf,honda_downloads\Hewescraft_220_Sea_Runner_-_BF225.pdf,Downloaded
HEWESCRAFT 220 SEA RUNNER ET HT,HEWESCRAFT,220 SEA RUNNER ET HT,"24' - 1""",BF150A  - Non-Current,150,Solas 15 1/4 x 15 x 3,https://cdn.powerequipment.honda.com/marine/pdf/props/Hewescraft 220 Sea Runner ET HT - BF150.pdf,honda_downloads\Hewescraft_220_Sea_Runner_ET_HT_-_BF150.pdf,Downloaded
HEWESCRAFT 240 PACIFIC CRUISER,HEWESCRAFT,240 PACIFIC CRUISER,"26' - 3""",BF225A - Non-Current,225,Powertech 15 3/4 x 17 x 3,https://cdn.powerequipment.honda.com/marine/pdf/props/Hewescraft 240 Pacific Cruiser - BF225.pdf,honda_downloads\Hewescraft_240_Pacific_Cruiser_-_BF225.pdf,Downloaded
Hurricane 217 OB,Hurricane,217 OB,21',BF250A - Non-Current,250,Stainless Steel 15.5 X 20 X 3,https://cdn.powerequipment.honda.com/marine/pdf/props/Hurricane 217ob 190205.pdf,honda_downloads\Hurricane_217ob_190205.pdf,Downloaded
JAVELIN  -  21 MSX,JAVELIN,21 MSX,"20' - 7""",BF200A  - Non-Current,225,MERCURY      14 5/8 X 23 X 3,https://cdn.powerequipment.honda.com/marine/pdf/props/Javelin 21 MSX with Mercury Prop - BF225.pdf,honda_downloads\Javelin_21_MSX_with_Mercury_Prop_-_BF225.pdf,Downloaded
JAVELIN  -  21 MSX,JAVELIN,21 MSX,"20' - 7""",BF200A  - Non-Current,225,PRECISION     14 1/4 X 21 X 3,https://cdn.powerequipment.honda.com/marine/pdf/props/Javelin 21 MSX with Precision - BF225.pdf,honda_downloads\Javelin_21_MSX_with_Precision_-_BF225.pdf,Downloaded
KEY WEST 2020 WA,KEY,WEST 2020 WA,"20' - 2""",BF150A  - Non-Current,150,PWRTECH OFX 15 1/4 X 17 X 4,https://cdn.powerequipment.honda.com/marine/pdf/props/Key West 2020 WA with Power Tech - BF150.pdf,honda_downloads\Key_West_2020_WA_with_Power_Tech_-_BF150.pdf,Downloaded
KEY WEST 2020 WA,KEY,WEST 2020 WA,"20' - 2""",BF150A  - Non-Current,150,SOLAS            15 1/4 X 17 X 3,https://cdn.powerequipment.honda.com/marine/pdf/props/Key West 2020 WA with Solas - BF150.pdf,honda_downloads\Key_West_2020_WA_with_Solas_-_BF150.pdf,Downloaded
KEY WEST - 2300 CC,KEY WEST,2300 CC,"23' - 4""",2 x BF150A - Non-Current,150,SOLAS                 15 X 19 X 3,https://cdn.powerequipment.honda.com/marine/pdf/props/Key West 2300 Bluewater - BF150.pdf,honda_downloads\Key_West_2300_Bluewater_-_BF150.pdf,Failed
KEY WEST - 2300 BLUEWATER,KEY WEST,2300 BLUEWATER,"23' - 4""",BF225A  - Non-Current,225,Turbo 14 1/4 x 19 x 3,https://cdn.powerequipment.honda.com/marine/pdf/props/Key West 2300 Bluewater - BF225.pdf,honda_downloads\Key_West_2300_Bluewater_-_BF225.pdf,Downloaded
Keywest 263FS,Keywest,263FS,26.3',BF250A - Non-Current,250,Stainless Steel 15.5 X 19 X 3,https://cdn.powerequipment.honda.com/marine/pdf/props/Keywest 263FS 190207.pdf,honda_downloads\Keywest_263FS_190207.pdf,Downloaded
LUND  -  1850 TYEE GS,LUND,1850 TYEE GS,"18"" - 6""",BF150A  - Non-Current,150,SOLAS            14 1/4 X 17 X 4,https://cdn.powerequipment.honda.com/marine/pdf/props/Lund 1850 Tyee GS - BF150.pdf,honda_downloads\Lund_1850_Tyee_GS_-_BF150.pdf,Downloaded
LUND - 1900 PRO - V,LUND,1900 PRO - V,"19' - 7""",BF150A  - Non-Current,150,PWRTECH OFS 15 1/4 X 17 X 3,https://cdn.powerequipment.honda.com/marine/pdf/props/Lund 1900 Pro-V - BF150.pdf,honda_downloads\Lund_1900_Pro-V_-_BF150.pdf,Downloaded
MAKO  192 CC,MAKO,192 CC,"19' - 4""",BF150A  - Non-Current,150,Solas 15 x 19,https://cdn.powerequipment.honda.com/marine/pdf/props/Mako 192 Center Console - BF150.pdf,honda_downloads\Mako_192_Center_Console_-_BF150.pdf,Downloaded
MAKO - 232 CENTER CONSOLE,MAKO,232 CENTER CONSOLE,"22' - 9""",BF225A  - Non-Current,200,PRECISION     14 1/4 X 15 X 3,https://cdn.powerequipment.honda.com/marine/pdf/props/Mako 232 Center Console with Precision 1 - BF200.pdf,honda_downloads\Mako_232_Center_Console_with_Precision_1_-_BF200.pdf,Downloaded
MAKO - 232 CENTER CONSOLE,MAKO,232 CENTER CONSOLE,"22' - 9""",BF225A  - Non-Current,225,PRECISION     14 1/4 X 15 X 3,https://cdn.powerequipment.honda.com/marine/pdf/props/Mako 232 Center Console with Precision 1 - BF225.pdf,honda_downloads\Mako_232_Center_Console_with_Precision_1_-_BF225.pdf,Downloaded
MAKO - 232 CENTER CONSOLE,MAKO,232 CENTER CONSOLE,"22' - 9""",BF225A  - Non-Current,200,PRECISION     14 1/4 X 17 X 3,https://cdn.powerequipment.honda.com/marine/pdf/props/Mako 232 Center Console with Precision 2 - BF200.pdf,honda_downloads\Mako_232_Center_Console_with_Precision_2_-_BF200.pdf,Downloaded
MAKO - 232 CENTER CONSOLE,MAKO,232 CENTER CONSOLE,"22' - 9""",BF225A  - Non-Current,225,PRECISION     14 1/4 X 17 X 3,https://cdn.powerequipment.honda.com/marine/pdf/props/Mako 232 Center Console with Precision 2 - BF225.pdf,honda_downloads\Mako_232_Center_Console_with_Precision_2_-_BF225.pdf,Downloaded
Manitou 230,Manitou,230,23.6',BF250A - Non-Current,250,Stainless Steel 15.25 X 21 X 3,https://cdn.powerequipment.honda.com/marine/pdf/props/Manitou 230 - twin BF250.pdf,honda_downloads\Manitou_230_-_twin_BF250.pdf,Downloaded
MCKEE CRAFT 196 MARATHON CC,MCKEE,CRAFT 196 MARATHON CC,"19' - 6""",BF150A  - Non-Current,150,Power Tech OFS 15 1/4 x 17 x 3,https://cdn.powerequipment.honda.com/marine/pdf/props/McKee Craft 196 Marathon CC - BF150.pdf,honda_downloads\McKee_Craft_196_Marathon_CC_-_BF150.pdf,Downloaded
Mc KEE CRAFT 24 FREEDOM,Mc,KEE CRAFT 24 FREEDOM,"24' - 0""",2 x BF150A - Non-Current,150,Power Tech OFS 15 1/4 x 19 x 3,https://cdn.powerequipment.honda.com/marine/pdf/props/McKee Craft 24 Freedom - BF150.pdf,honda_downloads\McKee_Craft_24_Freedom_-_BF150.pdf,Downloaded
MUNSON 38 CHINOOK,MUNSON,38 CHINOOK,"38' - 0""",3 X BF225A - Non-Current,225,Solas 15 1/2 x 15 x 3,https://cdn.powerequipment.honda.com/marine/pdf/props/Munson 38 Chinook - BF225.pdf,honda_downloads\Munson_38_Chinook_-_BF225.pdf,Downloaded
MUNSON PACKMAN 23,MUNSON,PACKMAN 23,"23' - 0""",BF150A  - Non-Current,150,Solas 15 1/4 x 15 x 3,https://cdn.powerequipment.honda.com/marine/pdf/props/Munson Packman - BF150.pdf,honda_downloads\Munson_Packman_-_BF150.pdf,Failed
MUNSON PACKMAN,MUNSON,PACKMAN,"28' - 0""",2 X BF225A  - Non-Current,225,Solas 15 1/2 x 15 x 3,https://cdn.powerequipment.honda.com/marine/pdf/props/Munson Packman - BF225.pdf,honda_downloads\Munson_Packman_-_BF225.pdf,Downloaded
NORTHWEST JET 196 FREEDOM,NORTHWEST,JET 196 FREEDOM,"19' - 6""""",BF90D,90,Solas 13 1/4 x 17 x 3,https://cdn.powerequipment.honda.com/marine/pdf/props/NW Jet 196 Freedom Outboard - BF90.pdf,honda_downloads\NW_Jet_196_Freedom_Outboard_-_BF90.pdf,Downloaded
NORTHWEST JET 21 LIGHTNING HARD TOP,NORTHWEST,JET 21 LIGHTNING HARD TOP,"21' - 0""""",BF200A  - Non-Current,200,Powertech 15 1/4 x 17 x 3,https://cdn.powerequipment.honda.com/marine/pdf/props/NW Jet 21 Lightning Hardtop - BF200.pdf,honda_downloads\NW_Jet_21_Lightning_Hardtop_-_BF200.pdf,Downloaded
NORTHWEST JET 21 LIGHTNING SOFT TOP,NORTHWEST,JET 21 LIGHTNING SOFT TOP,"21' - 0""""",BF225A - Non-Current,225,Powertech 15 1/4 x 19 x 3,https://cdn.powerequipment.honda.com/marine/pdf/props/NW Jet 21 Lightning Soft Top - BF225.pdf,honda_downloads\NW_Jet_21_Lightning_Soft_Top_-_BF225.pdf,Downloaded
Northcoast 280 cc,Northcoast,280 cc,28',BF250A - Non-Current,250,Stainless Steel 15.5 X 17 X 3,https://cdn.powerequipment.honda.com/marine/pdf/props/Northcoast 280 cc 190205.pdf,honda_downloads\Northcoast_280_cc_190205.pdf,Downloaded
NORTHWEST JET 208 SEA STAR,NORTHWEST,JET 208 SEA STAR,"20' - 0""",BF150A  - Non-Current,150,Solas 14 1/2 x 17 x 3,https://cdn.powerequipment.honda.com/marine/pdf/props/Northwest Jet 208 Sea Star - BF150.pdf,honda_downloads\Northwest_Jet_208_Sea_Star_-_BF150.pdf,Downloaded
NORTHWEST JET 218 LIGHTNING,NORTHWEST,JET 218 LIGHTNING,"21' - 0""",BF225A - Non-Current,225,Solas 15 x 17 x 3,https://cdn.powerequipment.honda.com/marine/pdf/props/Northwest Jet 218 Lightning - BF225.pdf,honda_downloads\Northwest_Jet_218_Lightning_-_BF225.pdf,Downloaded
NORTHWEST JET 26 SIGNATURE OFFSHORE,NORTHWEST,JET 26 SIGNATURE OFFSHORE,"26' - 0""",2 x BF135 - Non-Current,135,Solas 14 1/2 x 15 x 3,https://cdn.powerequipment.honda.com/marine/pdf/props/Northwest Jet 26 Signature Offshore - BF135.pdf,honda_downloads\Northwest_Jet_26_Signature_Offshore_-_BF135.pdf,Downloaded
DEFIANCE 260,DEFIANCE,260,"25' - 10""""",2 x BF150A - Non-Current,150,Solas Titan 15 x 19 x 3,https://cdn.powerequipment.honda.com/marine/pdf/props/Palmer Defiance 260 - BF150.pdf,honda_downloads\Palmer_Defiance_260_-_BF150.pdf,Downloaded
PLAYCRAFT POWERTOON 2600 XTREME,PLAYCRAFT,POWERTOON 2600 XTREME,"26' - 0""",BF225A  - Non-Current,225,SOLAS      14 3/4 X 18 X 3 HR,https://cdn.powerequipment.honda.com/marine/pdf/props/Playcraft Powertoon 2600 Xtreme with  Solas 2 - BF225.pdf,honda_downloads\Playcraft_Powertoon_2600_Xtreme_with__Solas_2_-_BF225.pdf,Failed
PLAYCRAFT POWERTOON 2600 XTREME,PLAYCRAFT,POWERTOON 2600 XTREME,"26' - 0""",BF225A  - Non-Current,225,HONDA           14 1/4 X 19 X 3,https://cdn.powerequipment.honda.com/marine/pdf/props/Playcraft Powertoon 2600 Xtreme with Honda Prop - BF225.pdf,honda_downloads\Playcraft_Powertoon_2600_Xtreme_with_Honda_Prop_-_BF225.pdf,Downloaded
PLAYCRAFT POWERTOON 2600 XTREME,PLAYCRAFT,POWERTOON 2600 XTREME,"26' - 0""",BF225A  - Non-Current,225,Mercury 15 1/4 x 19 x 3,https://cdn.powerequipment.honda.com/marine/pdf/props/Playcraft Powertoon 2600 Xtreme with Mercury Prop - BF225.pdf,honda_downloads\Playcraft_Powertoon_2600_Xtreme_with_Mercury_Prop_-_BF225.pdf,Downloaded
PLAYCRAFT POWERTOON 2600 XTREME,PLAYCRAFT,POWERTOON 2600 XTREME,"26' - 0""",BF225A  - Non-Current,225,SOLAS                15  X 19 X 3,https://cdn.powerequipment.honda.com/marine/pdf/props/Playcraft Powertoon 2600 Xtreme with Solas 1 - BF225.pdf,honda_downloads\Playcraft_Powertoon_2600_Xtreme_with_Solas_1_-_BF225.pdf,Downloaded
PLAYCRAFT POWERTOON 2600 XTREME,PLAYCRAFT,POWERTOON 2600 XTREME,"26' - 0""",BF225A  - Non-Current,225,SOLAS                14  X 19 X 3,https://cdn.powerequipment.honda.com/marine/pdf/props/Playcraft Powertoon 2600 Xtreme with Solas 3 - BF225.pdf,honda_downloads\Playcraft_Powertoon_2600_Xtreme_with_Solas_3_-_BF225.pdf,Downloaded
POLAR KRAFT V 165 SC KODIAK,POLAR,KRAFT V 165 SC KODIAK,"16' - 4""""",BF50D,50,Solas 11 x 13 x 3,https://cdn.powerequipment.honda.com/marine/pdf/props/Polar Kraft V 165 SC Kodiak - BF50 EFI.pdf,honda_downloads\Polar_Kraft_V_165_SC_Kodiak_-_BF50_EFI.pdf,Downloaded
POLAR KRAFT V 186 T,POLAR,KRAFT V 186 T,"18' - 6""""",BF75D,75,Solas 13 7/8 x 19 x 3,https://cdn.powerequipment.honda.com/marine/pdf/props/Polar Kraft V 186 T - BF75.pdf,honda_downloads\Polar_Kraft_V_186_T_-_BF75.pdf,Downloaded
PREMIER 210 SUNSATION LTD,PREMIER,210 SUNSATION LTD,"20' - 4""",BFP60,60,Solas 13 1/2 x 9 x 3,https://cdn.powerequipment.honda.com/marine/pdf/props/Premier 210 SunSation Ltd - BFP60.pdf,honda_downloads\Premier_210_SunSation_Ltd_-_BFP60.pdf,Downloaded
PREMIER 225 RE LEGEND,PREMIER,225 RE LEGEND,"22' - 9""""",BF75D,75,Solas 13 3/4 x 13 x 3,https://cdn.powerequipment.honda.com/marine/pdf/props/Premier 225 RE Legend - BF75.pdf,honda_downloads\Premier_225_RE_Legend_-_BF75.pdf,Downloaded
PREMIER - 230 GRAND MAJESTIC,PREMIER,230 GRAND MAJESTIC,"23' - 5""",BF150A  - Non-Current,150,SOLAS            15 1/2 X 15 X 3,https://cdn.powerequipment.honda.com/marine/pdf/props/Premier 230 RE Grand Majestic - BF150.pdf,honda_downloads\Premier_230_RE_Grand_Majestic_-_BF150.pdf,Downloaded
PREMIER - 250 GRAND MAJESTIC,PREMIER,250 GRAND MAJESTIC,"25' - 0""",BF225A  - Non-Current,225,HONDA           14 1/4 X 18 X 4,https://cdn.powerequipment.honda.com/marine/pdf/props/Premier 250 Grand Majestic with Honda Prop 1 - BF225.pdf,honda_downloads\Premier_250_Grand_Majestic_with_Honda_Prop_1_-_BF225.pdf,Downloaded
PREMIER - 250 GRAND MAJESTIC,PREMIER,250 GRAND MAJESTIC,"25' - 0""",BF225A  - Non-Current,225,HONDA           14 1/4 X 19 X 3,https://cdn.powerequipment.honda.com/marine/pdf/props/Premier 250 Grand Majestic with Honda Prop 2 - BF225.pdf,honda_downloads\Premier_250_Grand_Majestic_with_Honda_Prop_2_-_BF225.pdf,Downloaded
PREMIER - 250 GRAND MAJESTIC,PREMIER,250 GRAND MAJESTIC,"25' - 0""",BF225A  - Non-Current,225,SOLAS                 15 X 19 X 3,https://cdn.powerequipment.honda.com/marine/pdf/props/Premier 250 Grand Majestic with Solas 1 - BF225.pdf,honda_downloads\Premier_250_Grand_Majestic_with_Solas_1_-_BF225.pdf,Downloaded
PREMIER - 250 GRAND MAJESTIC,PREMIER,250 GRAND MAJESTIC,"25' - 0""",BF225A  - Non-Current,225,SOLAS           15 1/2 X 19 X 3,https://cdn.powerequipment.honda.com/marine/pdf/props/Premier 250 Grand Majestic with Solas 2 - BF225.pdf,honda_downloads\Premier_250_Grand_Majestic_with_Solas_2_-_BF225.pdf,Downloaded
PREMIER - 250 GRAND MAJESTIC,PREMIER,250 GRAND MAJESTIC,"25' - 0""",BF225A  - Non-Current,225,SOLAS            15 1/4 X 17 X 3,https://cdn.powerequipment.honda.com/marine/pdf/props/Premier 250 Grand Majestic with Solas 3 - BF225.pdf,honda_downloads\Premier_250_Grand_Majestic_with_Solas_3_-_BF225.pdf,Downloaded
PREMIER SUN SPREE 200,PREMIER,SUN SPREE 200,"21' - 0""""",BF50D,50,Solas 11 x 9 x 3,https://cdn.powerequipment.honda.com/marine/pdf/props/Premier Sun Spree 200 - BF50 EFI.pdf,honda_downloads\Premier_Sun_Spree_200_-_BF50_EFI.pdf,Downloaded
PRO STEELHEADER 18 SPORT,PRO,STEELHEADER 18 SPORT,"18' - 0""""",BF75D,75,Solas 13 1/4 x 17 x 3,https://cdn.powerequipment.honda.com/marine/pdf/props/Pro Steelheader 18 Sport - BF75.pdf,honda_downloads\Pro_Steelheader_18_Sport_-_BF75.pdf,Downloaded
PRO STEELHEADER RIVER PREDATOR 18,PRO,STEELHEADER RIVER PREDATOR 18,"18' - 0""""",65 JET (BF90D jet version),65,Aluminum Impeller,https://cdn.powerequipment.honda.com/marine/pdf/props/Pro Steelheader River Predator 18 - BF90 Jet.pdf,honda_downloads\Pro_Steelheader_River_Predator_18_-_BF90_Jet.pdf,Downloaded
PRO STEELHEADER SEA PREDATOR 20,PRO,STEELHEADER SEA PREDATOR 20,"20' - 0""""",BF90D,90,Solas 13 1/4 x 17 x 3,https://cdn.powerequipment.honda.com/marine/pdf/props/Pro Steelheader Sea Predator 20 - BF90.pdf,honda_downloads\Pro_Steelheader_Sea_Predator_20_-_BF90.pdf,Downloaded
PRO-LINE 20 SPORT,PRO-LINE,20 SPORT,"20"" - 2""",BF150A  - Non-Current,150,Power Tech OFS 15 1/4 x 17 x 3,https://cdn.powerequipment.honda.com/marine/pdf/props/Pro-Line 20 Sport - BF150.pdf,honda_downloads\Pro-Line_20_Sport_-_BF150.pdf,Downloaded
PRO-LINE 22 WALKAROUND,PRO-LINE,22 WALKAROUND,"22' - 5""",BF225A - Non-Current,225,Precision 14 1/4 x 17 x 3,https://cdn.powerequipment.honda.com/marine/pdf/props/Pro-Line 22 Walkaround with Precision 1 - BF225.pdf,honda_downloads\Pro-Line_22_Walkaround_with_Precision_1_-_BF225.pdf,Downloaded
PRO-LINE 22 WALKAROUND,PRO-LINE,22 WALKAROUND,"22' - 5""",BF225A  - Non-Current,225,Precision 14 1/4 x 19 x 3,https://cdn.powerequipment.honda.com/marine/pdf/props/Pro-Line 22 Walkaround with Precision 2 - BF225.pdf,honda_downloads\Pro-Line_22_Walkaround_with_Precision_2_-_BF225.pdf,Downloaded
PRO-LINE 22 WALKAROUND,PRO-LINE,22 WALKAROUND,"22' - 5""",BF225A  - Non-Current,225,Solas 14 3/4 x 16 x 3,https://cdn.powerequipment.honda.com/marine/pdf/props/Pro-Line 22 Walkaround with Solas 1 - BF225.pdf,honda_downloads\Pro-Line_22_Walkaround_with_Solas_1_-_BF225.pdf,Downloaded
PRO-LINE 22 WALKAROUND,PRO-LINE,22 WALKAROUND,"22' - 5""",BF225A  - Non-Current,225,Solas 15 1/4 x 17 x 3,https://cdn.powerequipment.honda.com/marine/pdf/props/Pro-Line 22 Walkaround with Solas 2 - BF225.pdf,honda_downloads\Pro-Line_22_Walkaround_with_Solas_2_-_BF225.pdf,Downloaded
PRO-LINE 22 WALKAROUND,PRO-LINE,22 WALKAROUND,"22' - 5""",BF225A  - Non-Current,225,Solas 15 1/4 x 17 x 3,https://cdn.powerequipment.honda.com/marine/pdf/props/Pro-Line 22 Walkaround with Solas 3 - BF225.pdf,honda_downloads\Pro-Line_22_Walkaround_with_Solas_3_-_BF225.pdf,Downloaded
PRO-LINE 22 WALKAROUND,PRO-LINE,22 WALKAROUND,"22' - 5""",BF225A  - Non-Current,225,Solas 15 x 17 x 3,https://cdn.powerequipment.honda.com/marine/pdf/props/Pro-Line 22 Walkaround with Solas 4 - BF225.pdf,honda_downloads\Pro-Line_22_Walkaround_with_Solas_4_-_BF225.pdf,Downloaded
PRO-LINE 22 WALKAROUND,PRO-LINE,22 WALKAROUND,"22' - 5""",BF225A  - Non-Current,225,Solas 14 1/2 x 17 x 4,https://cdn.powerequipment.honda.com/marine/pdf/props/Pro-Line 22 Walkaround with Solas 5 - BF225.pdf,honda_downloads\Pro-Line_22_Walkaround_with_Solas_5_-_BF225.pdf,Downloaded
PROLINE - 2300 WALKAROUND,PROLINE,2300 WALKAROUND,"24' - 5""",BF225A  - Non-Current,225,Turbo 14 1/4 x 17 x 3,https://cdn.powerequipment.honda.com/marine/pdf/props/Pro-Line 2300 WA - BF225.pdf,honda_downloads\Pro-Line_2300_WA_-_BF225.pdf,Downloaded
PURSUIT - 3070 CENTER CONSOLE,PURSUIT,3070 CENTER CONSOLE,"32' - 3""",2 X BF225A  - Non-Current,225,SOLAS           14 1/4 X 17 X 3,https://cdn.powerequipment.honda.com/marine/pdf/props/Pursuit 3070 Center Console - BF225.pdf,honda_downloads\Pursuit_3070_Center_Console_-_BF225.pdf,Downloaded
RAIDER BOATS 185 PRO FISHERMAN,RAIDER,BOATS 185 PRO FISHERMAN,"18' - 5""",BF90D,90,Solas 12 3/4 x 17 x 4,https://cdn.powerequipment.honda.com/marine/pdf/props/Raider Boats 185 Pro Fisherman - BF90 EFI.pdf,honda_downloads\Raider_Boats_185_Pro_Fisherman_-_BF90_EFI.pdf,Downloaded
RAIDER BOATS 192 PRO SPORT,RAIDER,BOATS 192 PRO SPORT,"19' - 2""",BF75D,75,Solas 13 1/2 x 15 x 3,https://cdn.powerequipment.honda.com/marine/pdf/props/Raider Boats 192 Pro Sport - BF75 EFI.pdf,honda_downloads\Raider_Boats_192_Pro_Sport_-_BF75_EFI.pdf,Downloaded
RAIDER BOATS 2484 SEA RAIDER,RAIDER,BOATS 2484 SEA RAIDER,"24' - 0""",BF225A - Non-Current,225,Solas 14 3/4 x 17 x 3,https://cdn.powerequipment.honda.com/marine/pdf/props/Raider Boats 2484 Sea Raider - BF225.pdf,honda_downloads\Raider_Boats_2484_Sea_Raider_-_BF225.pdf,Downloaded
RANGER - 185 VS,RANGER,185 VS,"18' - 5""",BF150A  - Non-Current,150,PWRTECH OFS 15 1/4 X 22 X 3,https://cdn.powerequipment.honda.com/marine/pdf/props/Ranger 185 VS - BF150.pdf,honda_downloads\Ranger_185_VS_-_BF150.pdf,Downloaded
ROBALO - 260 CC,ROBALO,260 CC,"25' - 6""",2 X BF225A  - Non-Current,225,PWRTECH OFS 15 1/4 X 19 X 3,https://cdn.powerequipment.honda.com/marine/pdf/props/Robalo 260 CC - BF225.pdf,honda_downloads\Robalo_260_CC_-_BF225.pdf,Downloaded
ROBALO - R200,ROBALO,R200,"20' - 1""",BF150A  - Non-Current,150,Power Tech OFS 15 1/4 x 15 x 4,https://cdn.powerequipment.honda.com/marine/pdf/props/Robalo R200 - BF150.pdf,honda_downloads\Robalo_R200_-_BF150.pdf,Downloaded
ROBALO - R230,ROBALO,R230,"24' - 6""",BF200A  - Non-Current,225,PRECISION     14 1/4 X 17 X 3,https://cdn.powerequipment.honda.com/marine/pdf/props/Robalo R230 Walkaround with Precision - BF225.pdf,honda_downloads\Robalo_R230_Walkaround_with_Precision_-_BF225.pdf,Downloaded
ROBALO - R230,ROBALO,R230,"24' - 6""",BF200A  - Non-Current,225,SOLAS           15 1/4 X 17 X 3,https://cdn.powerequipment.honda.com/marine/pdf/props/Robalo R230 Walkaround with Solas - BF225.pdf,honda_downloads\Robalo_R230_Walkaround_with_Solas_-_BF225.pdf,Downloaded
ROSBOROUGH RF246,ROSBOROUGH,RF246,"27' - 6""",BF150A  - Non-Current,150,Power Tech 15 1/4 x 16 x 3,https://cdn.powerequipment.honda.com/marine/pdf/props/Rosborough RF246 - BF150.pdf,honda_downloads\Rosborough_RF246_-_BF150.pdf,Downloaded
SCOUT - 177 SPORTFISH FLATS,SCOUT,177 SPORTFISH FLATS,"17' - 7""",BF150A  - Non-Current,150,PWRTECH OFS 15 1/4 X 20 X 4,https://cdn.powerequipment.honda.com/marine/pdf/props/Scout 177 Sportfish Flats - BF150.pdf,honda_downloads\Scout_177_Sportfish_Flats_-_BF150.pdf,Downloaded
SEA CRAFT - 20 CLASSIC,SEA CRAFT,20 CLASSIC,"19' - 6""",BF150A  - Non-Current,150,HONDA            14 1/4 X 19 X 3,https://cdn.powerequipment.honda.com/marine/pdf/props/Sea Craft 20 Classic with Honda Prop - BF150.pdf,honda_downloads\Sea_Craft_20_Classic_with_Honda_Prop_-_BF150.pdf,Downloaded
SEA CRAFT - 20 CLASSIC,SEA CRAFT,20 CLASSIC,"19' - 6""",BF150A  - Non-Current,150,SOLAS            15 1/4 X 17 X 3,https://cdn.powerequipment.honda.com/marine/pdf/props/Sea Craft 20 Classic with Solas - BF150.pdf,honda_downloads\Sea_Craft_20_Classic_with_Solas_-_BF150.pdf,Downloaded
SEAARK 1872 SS,SEAARK,1872 SS,"18' - 0""",BF60 Tiller,60,Solas 11 x 15 x 3,https://cdn.powerequipment.honda.com/marine/pdf/props/SeaArk 1872 SS - BF60 Tiller.pdf,honda_downloads\SeaArk_1872_SS_-_BF60_Tiller.pdf,Downloaded
SMOKERCRAFT 160 PRO ANGLER,SMOKERCRAFT,160 PRO ANGLER,"16' - 0""""",BF50D,50,Solas 10 x 14 x 3,https://cdn.powerequipment.honda.com/marine/pdf/props/Smoker Craft 160 Pro Angler - BF50 EFI.pdf,honda_downloads\Smoker_Craft_160_Pro_Angler_-_BF50_EFI.pdf,Downloaded
SMOKER CRAFT 18 PHANTOM,SMOKER,CRAFT 18 PHANTOM,"18' - 2""",BF90D,90,Solas 13 1/2 x 17 x 3,https://cdn.powerequipment.honda.com/marine/pdf/props/Smoker Craft 18 Phantom - BF90.pdf,honda_downloads\Smoker_Craft_18_Phantom_-_BF90.pdf,Downloaded
SMOKER CRAFT 20 PHANTOM,SMOKER,CRAFT 20 PHANTOM,"20' - 1""",BF135A - Non-Current,135,Solas 14 1/2 x 21 x 3,https://cdn.powerequipment.honda.com/marine/pdf/props/Smoker Craft 20 Phantom - BF135.pdf,honda_downloads\Smoker_Craft_20_Phantom_-_BF135.pdf,Downloaded
SMOKER CRAFT 20 PHANTOM,SMOKER,CRAFT 20 PHANTOM,"20' - 1""",BF90D,90,Solas 13 1/2 x 15 x 3,https://cdn.powerequipment.honda.com/marine/pdf/props/Smoker Craft 20 Phantom - BF90.pdf,honda_downloads\Smoker_Craft_20_Phantom_-_BF90.pdf,Downloaded
SMOKERCRAFT ULTIMA 172,SMOKERCRAFT,ULTIMA 172,"17' - 2""""",BF90D,90,Solas 13 7/8 x 17 x 3,https://cdn.powerequipment.honda.com/marine/pdf/props/Smoker Craft Ultima 172 - BF90.pdf,honda_downloads\Smoker_Craft_Ultima_172_-_BF90.pdf,Downloaded
STARCRAFT STARFIRE 1600 SC,STARCRAFT,STARFIRE 1600 SC,"15' - 11""",BF60,60,Solas 11 x 16 x 3,https://cdn.powerequipment.honda.com/marine/pdf/props/Starcraft Starfire 1600 SC - BF60.pdf,honda_downloads\Starcraft_Starfire_1600_SC_-_BF60.pdf,Downloaded
STUMPNOCKER 175 CC,STUMPNOCKER,175 CC,"17' - 2""",BF90D,90,Solas 13.2 x 19 x 3,https://cdn.powerequipment.honda.com/marine/pdf/props/Stumpnocker 175 CC - BF90.pdf,honda_downloads\Stumpnocker_175_CC_-_BF90.pdf,Downloaded
SUNDANCE B20CC INSHORE,SUNDANCE,B20CC INSHORE,"19' - 10""""",BF90D,90,Solas 13 7/8 x 15 x 3,https://cdn.powerequipment.honda.com/marine/pdf/props/Sundance B20CC Inshore - BF90.pdf,honda_downloads\Sundance_B20CC_Inshore_-_BF90.pdf,Downloaded
SYLVAN MIRAGE 8520,SYLVAN,MIRAGE 8520,"20' - 3""",BFP60,60,Solas 13 1/2 x 9 x 3,https://cdn.powerequipment.honda.com/marine/pdf/props/Sylvan Mirage 8520 - BFP60.pdf,honda_downloads\Sylvan_Mirage_8520_-_BFP60.pdf,Downloaded
Tahoe 26 VRL,Tahoe,26 VRL,26.6',BF150A  - Non-Current,150,Stainless Steel 14.75 X 17 X 3,https://cdn.powerequipment.honda.com/marine/pdf/props/Tahoe 26 VRL BF150HP.pdf,honda_downloads\Tahoe_26_VRL_BF150HP.pdf,Downloaded
Tahoe LT,Tahoe,LT,19.3',BF60,60,Aluminum 14 X 11 X 3,https://cdn.powerequipment.honda.com/marine/pdf/props/Tahoe LT BF60HP.pdf,honda_downloads\Tahoe_LT_BF60HP.pdf,Downloaded
Tidewater 280 cc,Tidewater,280 cc,28.4',BF250A - Non-Current,250,Stainless Steel 15.375 X 18 X 3,https://cdn.powerequipment.honda.com/marine/pdf/props/Tidewater 280 cc.pdf,honda_downloads\Tidewater_280_cc.pdf,Downloaded
TRITON 190 LTS,TRITON,190 LTS,"19' - 0""",BF150A  - Non-Current,150,Power Tech OFS 15 1/4 x 19 x 3,https://cdn.powerequipment.honda.com/marine/pdf/props/Triton 190 LTS - BF150.pdf,honda_downloads\Triton_190_LTS_-_BF150.pdf,Downloaded
TRITON 225 WA,TRITON,225 WA,"22' - 8""",BF225A - Non-Current,225,Solas 14 3/4 x 17 x 3,https://cdn.powerequipment.honda.com/marine/pdf/props/Triton 225 WA - BF225.pdf,honda_downloads\Triton_225_WA_-_BF225.pdf,Downloaded
TRITON - 2300 WALKAROUND,TRITON,2300 WALKAROUND,"23' - 6""",BF200A  - Non-Current,225,Mercury 14 1/2 x 21 x 3,https://cdn.powerequipment.honda.com/marine/pdf/props/Triton 2300 Walkaround with Mercury Prop - BF225.pdf,honda_downloads\Triton_2300_Walkaround_with_Mercury_Prop_-_BF225.pdf,Downloaded
TRITON - 2300 WALKAROUND,TRITON,2300 WALKAROUND,"23' - 6""",BF200A  - Non-Current,225,Precision 14 1/4 x 17 x 3,https://cdn.powerequipment.honda.com/marine/pdf/props/Triton 2300 Walkaround with Precision - BF225.pdf,honda_downloads\Triton_2300_Walkaround_with_Precision_-_BF225.pdf,Downloaded
TRITON - 2300 WALKAROUND,TRITON,2300 WALKAROUND,"23' - 6""",BF200A  - Non-Current,225,Solas 14 x 16 x 3,https://cdn.powerequipment.honda.com/marine/pdf/props/Triton 2300 Walkaround with Solas 1 - BF225.pdf,honda_downloads\Triton_2300_Walkaround_with_Solas_1_-_BF225.pdf,Downloaded
TRITON - 2300 WALKAROUND,TRITON,2300 WALKAROUND,"23' - 6""",BF200A  - Non-Current,225,Solas 14 1/2 x 16 x 3,https://cdn.powerequipment.honda.com/marine/pdf/props/Triton 2300 Walkaround with Solas 2 - BF225.pdf,honda_downloads\Triton_2300_Walkaround_with_Solas_2_-_BF225.pdf,Downloaded
TRITON  2690 CC,TRITON,2690 CC,"25' - 3""",2 x BF150A - Non-Current,150,Mirage Plus 15 1/4 x 17 x 3,https://cdn.powerequipment.honda.com/marine/pdf/props/Triton 2690 CC with Mirage Plus - BF150.pdf,honda_downloads\Triton_2690_CC_with_Mirage_Plus_-_BF150.pdf,Downloaded
TRITON  2690 CC,TRITON,2690 CC,"25' - 3""",2 x BF150A - Non-Current,150,Solas 14 3/4 x 18 x 3,https://cdn.powerequipment.honda.com/marine/pdf/props/Triton 2690 CC with Solas - BF150.pdf,honda_downloads\Triton_2690_CC_with_Solas_-_BF150.pdf,Downloaded
TRITON 351,TRITON,351,"34' - 10""""",3 X BF225A - Non-Current,225,Powertech OFS 15 1/4 x 19 x 3,https://cdn.powerequipment.honda.com/marine/pdf/props/Triton 351 - BF225.pdf,honda_downloads\Triton_351_-_BF225.pdf,Downloaded
TRIUMPH 170 CC,TRIUMPH,170 CC,"16' - 10""""",BF50D,50,Solas 11 1/8 x 13 x 3,https://cdn.powerequipment.honda.com/marine/pdf/props/Triumph 170 CC - BF50 EFI.pdf,honda_downloads\Triumph_170_CC_-_BF50_EFI.pdf,Downloaded
TRIUMPH 1700 SKIFF,TRIUMPH,1700 SKIFF,"17' - 4""",BF60,60,Solas 11.1 x 14 x 3,https://cdn.powerequipment.honda.com/marine/pdf/props/Triumph 1700 Skiff - BF60.pdf,honda_downloads\Triumph_1700_Skiff_-_BF60.pdf,Downloaded
VIP 186 CC,VIP,186 CC,"18' - 9""",BF90D,90,Solas 13 x 15 x 4,https://cdn.powerequipment.honda.com/marine/pdf/props/VIP 186 CC - BF90.pdf,honda_downloads\VIP_186_CC_-_BF90.pdf,Downloaded
VIP BAY STEALTH 2230,VIP,BAY STEALTH 2230,"22' - 3""",BF150A  - Non-Current,150,SOLAS      14 3/4 X 18 X 3 HR,https://cdn.powerequipment.honda.com/marine/pdf/props/VIP Bay Stealth 2230 - BF150.pdf,honda_downloads\VIP_Bay_Stealth_2230_-_BF150.pdf,Downloaded
VOYAGER - FUN & SUN EXPRESS,VOYAGER,FUN & SUN EXPRESS,"25' - 0""",BF225A  - Non-Current,225,HONDA           14 1/4 X 19 X 3,https://cdn.powerequipment.honda.com/marine/pdf/props/Voyager Fun 'N Sun Express with Honda Prop - BF225.pdf,honda_downloads\Voyager_Fun_N_Sun_Express_with_Honda_Prop_-_BF225.pdf,Downloaded
VOYAGER - FUN & SUN EXPRESS,VOYAGER,FUN & SUN EXPRESS,"25' - 0""",BF225A  - Non-Current,225,SOLAS                15  X 19 X 3,https://cdn.powerequipment.honda.com/marine/pdf/props/Voyager Fun 'N Sun Express with Solas 1 - BF225.pdf,honda_downloads\Voyager_Fun_N_Sun_Express_with_Solas_1_-_BF225.pdf,Downloaded
VOYAGER - FUN & SUN EXPRESS,VOYAGER,FUN & SUN EXPRESS,"25' - 0""",BF225A  - Non-Current,225,SOLAS                14  X 19 X 3,https://cdn.powerequipment.honda.com/marine/pdf/props/Voyager Fun 'N Sun Express with Solas 2 - BF225.pdf,honda_downloads\Voyager_Fun_N_Sun_Express_with_Solas_2_-_BF225.pdf,Downloaded
VOYAGER - FUN & SUN EXPRESS,VOYAGER,FUN & SUN EXPRESS,"25' - 0""",BF225A  - Non-Current,225,SOLAS      14 3/4 X 18 X 3 HR,https://cdn.powerequipment.honda.com/marine/pdf/props/Voyager Fun 'N Sun with Solas 3 - BF225.pdf,honda_downloads\Voyager_Fun_N_Sun_with_Solas_3_-_BF225.pdf,Failed
VOYAGER SUPREME CRUISE DELUXE,VOYAGER,SUPREME CRUISE DELUXE,"16' - 10""""",BF50D,50,Solas  11 x 9 x 3,https://cdn.powerequipment.honda.com/marine/pdf/props/Voyager Supreme Cruise Deluxe - BF50 EFI.pdf,honda_downloads\Voyager_Supreme_Cruise_Deluxe_-_BF50_EFI.pdf,Downloaded
Walker Bay Gen 525,Walker,Bay Gen 525,"17' 2""",BF115A - Non-Current,115,Stainless Steel 14.75 X 17 X 3,https://cdn.powerequipment.honda.com/marine/pdf/props/Walker Bay Gen 525-BF115.pdf,honda_downloads\Walker_Bay_Gen_525-BF115.pdf,Downloaded
WELDCRAFT 173 REBEL,WELDCRAFT,173 REBEL,"17' - 3""",BF90D,90,Solas 13 1/4 x 17 x 3,https://cdn.powerequipment.honda.com/marine/pdf/props/Weldcraft 173 Rebel - BF90.pdf,honda_downloads\Weldcraft_173_Rebel_-_BF90.pdf,Downloaded
WELDCRAFT 188 REBEL,WELDCRAFT,188 REBEL,"18' - 8""",BF150A  - Non-Current,150,Powertech 15 1/4 x 17 x 3,https://cdn.powerequipment.honda.com/marine/pdf/props/Weldcraft 188 Rebel - BF150.pdf,honda_downloads\Weldcraft_188_Rebel_-_BF150.pdf,Downloaded
Wooldridge 22' SS Offshore,Wooldridge,22' SS Offshore,"22' 3""",BF200A  - Non-Current,200,Power Tech 15 x 16 x 4,https://cdn.powerequipment.honda.com/marine/pdf/props/Wooldridge 22 SS Offshore - BF200.pdf,honda_downloads\Wooldridge_22_SS_Offshore_-_BF200.pdf,Downloaded
WOOLDRIDGE 23 PILOT,WOOLDRIDGE,23 PILOT,"23' - 0""""",BF225A - Non-Current,225,Powertech 15 1/4 x 19 x 3,https://cdn.powerequipment.honda.com/marine/pdf/props/Wooldridge 23 Pilot - BF225.pdf,honda_downloads\Wooldridge_23_Pilot_-_BF225.pdf,Downloaded
WORLD CAT 250 DC,WORLD,CAT 250 DC,"26' - 0""",2 x BF150A - Non-Current,150,PWRTECH OFS 15 1/4 X 17 X 3,https://cdn.powerequipment.honda.com/marine/pdf/props/World Cat 250 DC with Power Tech - BF150.pdf,honda_downloads\World_Cat_250_DC_with_Power_Tech_-_BF150.pdf,Downloaded
WORLD CAT 250 DC,WORLD,CAT 250 DC,"26' - 0""",BF150A  - Non-Current,150,SOLAS            15 1/4 X 17 X 3,https://cdn.powerequipment.honda.com/marine/pdf/props/World Cat 250 DC with Solas - BF150.pdf,honda_downloads\World_Cat_250_DC_with_Solas_-_BF150.pdf,Downloaded
WORLD CAT 266 TE,WORLD,CAT 266 TE,"26' - 6""",2 X BF225A  - Non-Current,225,HONDA           14 1/4 X 19 X 4,https://cdn.powerequipment.honda.com/marine/pdf/props/World Cat 266 TE with Honda Prop - BF225.pdf,honda_downloads\World_Cat_266_TE_with_Honda_Prop_-_BF225.pdf,Downloaded
WORLD CAT 266 TE,WORLD,CAT 266 TE,"26' - 6""",2 X BF225A  - Non-Current,225,SOLAS           14 3/4 X 21 X 3,https://cdn.powerequipment.honda.com/marine/pdf/props/World Cat 266 TE with Solas 1 - BF225.pdf,honda_downloads\World_Cat_266_TE_with_Solas_1_-_BF225.pdf,Downloaded
WORLD CAT 266 TE,WORLD,CAT 266 TE,"26' - 6""",2 X BF225A  - Non-Current,225,SOLAS                15  X 19 X 3,https://cdn.powerequipment.honda.com/marine/pdf/props/World Cat 266 TE with Solas 2 - BF225.pdf,honda_downloads\World_Cat_266_TE_with_Solas_2_-_BF225.pdf,Downloaded
WORLD CAT 266 TE,WORLD,CAT 266 TE,"26' - 6""",2 X BF225A  - Non-Current,225,SOLAS            14 3/4 X 20 X 3,https://cdn.powerequipment.honda.com/marine/pdf/props/World Cat 266 TE with Solas 3 - BF225.pdf,honda_downloads\World_Cat_266_TE_with_Solas_3_-_BF225.pdf,Downloaded
WORLD CAT 266 TE,WORLD,CAT 266 TE,"26' - 6""",2 X BF225A  - Non-Current,225,SOLAS                14  X 21 X 3,https://cdn.powerequipment.honda.com/marine/pdf/props/World Cat 266 TE with Solas 4 - BF225.pdf,honda_downloads\World_Cat_266_TE_with_Solas_4_-_BF225.pdf,Downloaded
WORLD CAT 266 TE,WORLD,CAT 266 TE,"26' - 6""",2 X BF225A  - Non-Current,225,SOLAS            14 1/8 X 19 X 4,https://cdn.powerequipment.honda.com/marine/pdf/props/World Cat 266 TE with Solas 5 - BF225.pdf,honda_downloads\World_Cat_266_TE_with_Solas_5_-_BF225.pdf,Downloaded
WORLD CAT 270 EC EXPRESS,WORLD,CAT 270 EC EXPRESS,"26' - 6""",2 X BF225A  - Non-Current,225,Power Tech OFS 15 1/4 x 16 x 4,https://cdn.powerequipment.honda.com/marine/pdf/props/World Cat 270 EC Express with Power Tech 1 - BF225.pdf,honda_downloads\World_Cat_270_EC_Express_with_Power_Tech_1_-_BF225.pdf,Downloaded
WORLD CAT 270 EC EXPRESS,WORLD,CAT 270 EC EXPRESS,"26' - 6""",2 X BF225A  - Non-Current,225,PWRTECH OFX 15 1/4 X 17 X 4,https://cdn.powerequipment.honda.com/marine/pdf/props/World Cat 270 EC Express with Power Tech 2 - BF225.pdf,honda_downloads\World_Cat_270_EC_Express_with_Power_Tech_2_-_BF225.pdf,Downloaded
WORLD CAT 270 EC EXPRESS,WORLD,CAT 270 EC EXPRESS,"26' - 6""",2 X BF225A  - Non-Current,225,SOLAS                 15 X 19 X 3,https://cdn.powerequipment.honda.com/marine/pdf/props/World Cat 270 EC Express with Solas 1 - BF225.pdf,honda_downloads\World_Cat_270_EC_Express_with_Solas_1_-_BF225.pdf,Downloaded
WORLD CAT 270 SD,WORLD,CAT 270 SD,"28' - 0""""",3 X BF225A - Non-Current,225,Solas Titan 15 x 19 x 3,https://cdn.powerequipment.honda.com/marine/pdf/props/World Cat 270 SD - BF225.pdf,honda_downloads\World_Cat_270_SD_-_BF225.pdf,Downloaded
WORLD CAT 270 TE,WORLD,CAT 270 TE,"26' - 6""",2 X BF225A  - Non-Current,225,PWRTECH OFX 15 1/4 X 17 X 4,https://cdn.powerequipment.honda.com/marine/pdf/props/World Cat 270 TE with Power Tech 1 - BF225.pdf,honda_downloads\World_Cat_270_TE_with_Power_Tech_1_-_BF225.pdf,Downloaded
WORLD CAT 270 TE,WORLD,CAT 270 TE,"26' - 6""",2 X BF225A  - Non-Current,225,PWRTECH OFS 15 1/4 X 16 X 4,https://cdn.powerequipment.honda.com/marine/pdf/props/World Cat 270 TE with Power Tech 2 - BF225.pdf,honda_downloads\World_Cat_270_TE_with_Power_Tech_2_-_BF225.pdf,Downloaded
WORLD CAT 270 TE,WORLD,CAT 270 TE,"26' - 6""",2 X BF225A  - Non-Current,225,SOLAS                 15 X 19 X 3,https://cdn.powerequipment.honda.com/marine/pdf/props/World Cat 270 TE with Solas - BF225.pdf,honda_downloads\World_Cat_270_TE_with_Solas_-_BF225.pdf,Downloaded
WORLD CAT 330 TE,WORLD,CAT 330 TE,"33' - 0""",2 X BF225A  - Non-Current,225,HONDA           14 1/4 X 17 X 4,https://cdn.powerequipment.honda.com/marine/pdf/props/World Cat 330 TE with Honda Prop - BF225.pdf,honda_downloads\World_Cat_330_TE_with_Honda_Prop_-_BF225.pdf,Downloaded
WORLD CLASS CATAMARAN - 330 TE,WORLD CLASS CATAMARAN,330 TE,"33' - 0""",2 X BF225A  - Non-Current,225,HONDA            14 1/4 X 17 X 3,https://cdn.powerequipment.honda.com/marine/pdf/props/World Cat 330 TE with Honda Prop 2 - BF225.pdf,honda_downloads\World_Cat_330_TE_with_Honda_Prop_2_-_BF225.pdf,Downloaded
WORLD CAT 330 TE,WORLD,CAT 330 TE,"33' - 0""",2 X BF225A  - Non-Current,225,PWRTECH OFS 15 1/4 X 17 X 3,https://cdn.powerequipment.honda.com/marine/pdf/props/World Cat 330 TE with Power Tech 1 - BF225.pdf,honda_downloads\World_Cat_330_TE_with_Power_Tech_1_-_BF225.pdf,Downloaded
WORLD CAT 330 TE,WORLD,CAT 330 TE,"33' - 0""",2 X BF225A  - Non-Current,225,PWRTECH OFS 15 1/4 X 18 X 4,https://cdn.powerequipment.honda.com/marine/pdf/props/World Cat 330 TE with Power Tech 2 - BF225.pdf,honda_downloads\World_Cat_330_TE_with_Power_Tech_2_-_BF225.pdf,Downloaded
WORLD CAT 330 TE,WORLD,CAT 330 TE,"33' - 0""",2 X BF225A  - Non-Current,225,PWRTECH OFX 15 1/4 X 17 X 4,https://cdn.powerequipment.honda.com/marine/pdf/props/World Cat 330 TE with Power Tech 3 - BF225.pdf,honda_downloads\World_Cat_330_TE_with_Power_Tech_3_-_BF225.pdf,Downloaded
WORLD CAT 330 TE,WORLD,CAT 330 TE,"33' - 0""",2 X BF225A  - Non-Current,225,SOLAS            15 1/4 X 17 X 3,https://cdn.powerequipment.honda.com/marine/pdf/props/World Cat 330 TE with Solas - BF225.pdf,honda_downloads\World_Cat_330_TE_with_Solas_-_BF225.pdf,Downloaded
YOUNG KANG  -  YDX 380,YOUNG KANG,YDX 380,"12' - 6""",BF15D,15,HONDA         9 1/2 X 9 1/2 X 3,https://cdn.powerequipment.honda.com/marine/pdf/props/Young Kang YDX 380 - BF15.pdf,honda_downloads\Young_Kang_YDX_380_-_BF15.pdf,Downloaded
